#include "colormaps.hpp"

#include <algorithm>
#include <array>

namespace satview::viewer {
namespace {

// Generated from openradar/cmweather commit
// 98fabaa4391bd6c793eeb803d1e01636d57fa811 and d3-scale-chromatic
// commit 2c52792197299346b7bdb94322bb4dff8f554fea. See
// COLORMAP_ATTRIBUTION.md for the exact row mapping and licenses.
constexpr std::array<std::uint8_t, kColormapRgbaByteCount> kPixels{
    // Row 0: Grayscale
    0x00, 0x00, 0x00, 0xff, 0x01, 0x01, 0x01, 0xff, 0x02, 0x02, 0x02, 0xff, 0x03, 0x03, 0x03, 0xff,
    0x04, 0x04, 0x04, 0xff, 0x05, 0x05, 0x05, 0xff, 0x06, 0x06, 0x06, 0xff, 0x07, 0x07, 0x07, 0xff,
    0x08, 0x08, 0x08, 0xff, 0x09, 0x09, 0x09, 0xff, 0x0a, 0x0a, 0x0a, 0xff, 0x0b, 0x0b, 0x0b, 0xff,
    0x0c, 0x0c, 0x0c, 0xff, 0x0d, 0x0d, 0x0d, 0xff, 0x0e, 0x0e, 0x0e, 0xff, 0x0f, 0x0f, 0x0f, 0xff,
    0x10, 0x10, 0x10, 0xff, 0x11, 0x11, 0x11, 0xff, 0x12, 0x12, 0x12, 0xff, 0x13, 0x13, 0x13, 0xff,
    0x14, 0x14, 0x14, 0xff, 0x15, 0x15, 0x15, 0xff, 0x16, 0x16, 0x16, 0xff, 0x17, 0x17, 0x17, 0xff,
    0x18, 0x18, 0x18, 0xff, 0x19, 0x19, 0x19, 0xff, 0x1a, 0x1a, 0x1a, 0xff, 0x1b, 0x1b, 0x1b, 0xff,
    0x1c, 0x1c, 0x1c, 0xff, 0x1d, 0x1d, 0x1d, 0xff, 0x1e, 0x1e, 0x1e, 0xff, 0x1f, 0x1f, 0x1f, 0xff,
    0x20, 0x20, 0x20, 0xff, 0x21, 0x21, 0x21, 0xff, 0x22, 0x22, 0x22, 0xff, 0x23, 0x23, 0x23, 0xff,
    0x24, 0x24, 0x24, 0xff, 0x25, 0x25, 0x25, 0xff, 0x26, 0x26, 0x26, 0xff, 0x27, 0x27, 0x27, 0xff,
    0x28, 0x28, 0x28, 0xff, 0x29, 0x29, 0x29, 0xff, 0x2a, 0x2a, 0x2a, 0xff, 0x2b, 0x2b, 0x2b, 0xff,
    0x2c, 0x2c, 0x2c, 0xff, 0x2d, 0x2d, 0x2d, 0xff, 0x2e, 0x2e, 0x2e, 0xff, 0x2f, 0x2f, 0x2f, 0xff,
    0x30, 0x30, 0x30, 0xff, 0x31, 0x31, 0x31, 0xff, 0x32, 0x32, 0x32, 0xff, 0x33, 0x33, 0x33, 0xff,
    0x34, 0x34, 0x34, 0xff, 0x35, 0x35, 0x35, 0xff, 0x36, 0x36, 0x36, 0xff, 0x37, 0x37, 0x37, 0xff,
    0x38, 0x38, 0x38, 0xff, 0x39, 0x39, 0x39, 0xff, 0x3a, 0x3a, 0x3a, 0xff, 0x3b, 0x3b, 0x3b, 0xff,
    0x3c, 0x3c, 0x3c, 0xff, 0x3d, 0x3d, 0x3d, 0xff, 0x3e, 0x3e, 0x3e, 0xff, 0x3f, 0x3f, 0x3f, 0xff,
    0x40, 0x40, 0x40, 0xff, 0x41, 0x41, 0x41, 0xff, 0x42, 0x42, 0x42, 0xff, 0x43, 0x43, 0x43, 0xff,
    0x44, 0x44, 0x44, 0xff, 0x45, 0x45, 0x45, 0xff, 0x46, 0x46, 0x46, 0xff, 0x47, 0x47, 0x47, 0xff,
    0x48, 0x48, 0x48, 0xff, 0x49, 0x49, 0x49, 0xff, 0x4a, 0x4a, 0x4a, 0xff, 0x4b, 0x4b, 0x4b, 0xff,
    0x4c, 0x4c, 0x4c, 0xff, 0x4d, 0x4d, 0x4d, 0xff, 0x4e, 0x4e, 0x4e, 0xff, 0x4f, 0x4f, 0x4f, 0xff,
    0x50, 0x50, 0x50, 0xff, 0x51, 0x51, 0x51, 0xff, 0x52, 0x52, 0x52, 0xff, 0x53, 0x53, 0x53, 0xff,
    0x54, 0x54, 0x54, 0xff, 0x55, 0x55, 0x55, 0xff, 0x56, 0x56, 0x56, 0xff, 0x57, 0x57, 0x57, 0xff,
    0x58, 0x58, 0x58, 0xff, 0x59, 0x59, 0x59, 0xff, 0x5a, 0x5a, 0x5a, 0xff, 0x5b, 0x5b, 0x5b, 0xff,
    0x5c, 0x5c, 0x5c, 0xff, 0x5d, 0x5d, 0x5d, 0xff, 0x5e, 0x5e, 0x5e, 0xff, 0x5f, 0x5f, 0x5f, 0xff,
    0x60, 0x60, 0x60, 0xff, 0x61, 0x61, 0x61, 0xff, 0x62, 0x62, 0x62, 0xff, 0x63, 0x63, 0x63, 0xff,
    0x64, 0x64, 0x64, 0xff, 0x65, 0x65, 0x65, 0xff, 0x66, 0x66, 0x66, 0xff, 0x67, 0x67, 0x67, 0xff,
    0x68, 0x68, 0x68, 0xff, 0x69, 0x69, 0x69, 0xff, 0x6a, 0x6a, 0x6a, 0xff, 0x6b, 0x6b, 0x6b, 0xff,
    0x6c, 0x6c, 0x6c, 0xff, 0x6d, 0x6d, 0x6d, 0xff, 0x6e, 0x6e, 0x6e, 0xff, 0x6f, 0x6f, 0x6f, 0xff,
    0x70, 0x70, 0x70, 0xff, 0x71, 0x71, 0x71, 0xff, 0x72, 0x72, 0x72, 0xff, 0x73, 0x73, 0x73, 0xff,
    0x74, 0x74, 0x74, 0xff, 0x75, 0x75, 0x75, 0xff, 0x76, 0x76, 0x76, 0xff, 0x77, 0x77, 0x77, 0xff,
    0x78, 0x78, 0x78, 0xff, 0x79, 0x79, 0x79, 0xff, 0x7a, 0x7a, 0x7a, 0xff, 0x7b, 0x7b, 0x7b, 0xff,
    0x7c, 0x7c, 0x7c, 0xff, 0x7d, 0x7d, 0x7d, 0xff, 0x7e, 0x7e, 0x7e, 0xff, 0x7f, 0x7f, 0x7f, 0xff,
    0x80, 0x80, 0x80, 0xff, 0x81, 0x81, 0x81, 0xff, 0x82, 0x82, 0x82, 0xff, 0x83, 0x83, 0x83, 0xff,
    0x84, 0x84, 0x84, 0xff, 0x85, 0x85, 0x85, 0xff, 0x86, 0x86, 0x86, 0xff, 0x87, 0x87, 0x87, 0xff,
    0x88, 0x88, 0x88, 0xff, 0x89, 0x89, 0x89, 0xff, 0x8a, 0x8a, 0x8a, 0xff, 0x8b, 0x8b, 0x8b, 0xff,
    0x8c, 0x8c, 0x8c, 0xff, 0x8d, 0x8d, 0x8d, 0xff, 0x8e, 0x8e, 0x8e, 0xff, 0x8f, 0x8f, 0x8f, 0xff,
    0x90, 0x90, 0x90, 0xff, 0x91, 0x91, 0x91, 0xff, 0x92, 0x92, 0x92, 0xff, 0x93, 0x93, 0x93, 0xff,
    0x94, 0x94, 0x94, 0xff, 0x95, 0x95, 0x95, 0xff, 0x96, 0x96, 0x96, 0xff, 0x97, 0x97, 0x97, 0xff,
    0x98, 0x98, 0x98, 0xff, 0x99, 0x99, 0x99, 0xff, 0x9a, 0x9a, 0x9a, 0xff, 0x9b, 0x9b, 0x9b, 0xff,
    0x9c, 0x9c, 0x9c, 0xff, 0x9d, 0x9d, 0x9d, 0xff, 0x9e, 0x9e, 0x9e, 0xff, 0x9f, 0x9f, 0x9f, 0xff,
    0xa0, 0xa0, 0xa0, 0xff, 0xa1, 0xa1, 0xa1, 0xff, 0xa2, 0xa2, 0xa2, 0xff, 0xa3, 0xa3, 0xa3, 0xff,
    0xa4, 0xa4, 0xa4, 0xff, 0xa5, 0xa5, 0xa5, 0xff, 0xa6, 0xa6, 0xa6, 0xff, 0xa7, 0xa7, 0xa7, 0xff,
    0xa8, 0xa8, 0xa8, 0xff, 0xa9, 0xa9, 0xa9, 0xff, 0xaa, 0xaa, 0xaa, 0xff, 0xab, 0xab, 0xab, 0xff,
    0xac, 0xac, 0xac, 0xff, 0xad, 0xad, 0xad, 0xff, 0xae, 0xae, 0xae, 0xff, 0xaf, 0xaf, 0xaf, 0xff,
    0xb0, 0xb0, 0xb0, 0xff, 0xb1, 0xb1, 0xb1, 0xff, 0xb2, 0xb2, 0xb2, 0xff, 0xb3, 0xb3, 0xb3, 0xff,
    0xb4, 0xb4, 0xb4, 0xff, 0xb5, 0xb5, 0xb5, 0xff, 0xb6, 0xb6, 0xb6, 0xff, 0xb7, 0xb7, 0xb7, 0xff,
    0xb8, 0xb8, 0xb8, 0xff, 0xb9, 0xb9, 0xb9, 0xff, 0xba, 0xba, 0xba, 0xff, 0xbb, 0xbb, 0xbb, 0xff,
    0xbc, 0xbc, 0xbc, 0xff, 0xbd, 0xbd, 0xbd, 0xff, 0xbe, 0xbe, 0xbe, 0xff, 0xbf, 0xbf, 0xbf, 0xff,
    0xc0, 0xc0, 0xc0, 0xff, 0xc1, 0xc1, 0xc1, 0xff, 0xc2, 0xc2, 0xc2, 0xff, 0xc3, 0xc3, 0xc3, 0xff,
    0xc4, 0xc4, 0xc4, 0xff, 0xc5, 0xc5, 0xc5, 0xff, 0xc6, 0xc6, 0xc6, 0xff, 0xc7, 0xc7, 0xc7, 0xff,
    0xc8, 0xc8, 0xc8, 0xff, 0xc9, 0xc9, 0xc9, 0xff, 0xca, 0xca, 0xca, 0xff, 0xcb, 0xcb, 0xcb, 0xff,
    0xcc, 0xcc, 0xcc, 0xff, 0xcd, 0xcd, 0xcd, 0xff, 0xce, 0xce, 0xce, 0xff, 0xcf, 0xcf, 0xcf, 0xff,
    0xd0, 0xd0, 0xd0, 0xff, 0xd1, 0xd1, 0xd1, 0xff, 0xd2, 0xd2, 0xd2, 0xff, 0xd3, 0xd3, 0xd3, 0xff,
    0xd4, 0xd4, 0xd4, 0xff, 0xd5, 0xd5, 0xd5, 0xff, 0xd6, 0xd6, 0xd6, 0xff, 0xd7, 0xd7, 0xd7, 0xff,
    0xd8, 0xd8, 0xd8, 0xff, 0xd9, 0xd9, 0xd9, 0xff, 0xda, 0xda, 0xda, 0xff, 0xdb, 0xdb, 0xdb, 0xff,
    0xdc, 0xdc, 0xdc, 0xff, 0xdd, 0xdd, 0xdd, 0xff, 0xde, 0xde, 0xde, 0xff, 0xdf, 0xdf, 0xdf, 0xff,
    0xe0, 0xe0, 0xe0, 0xff, 0xe1, 0xe1, 0xe1, 0xff, 0xe2, 0xe2, 0xe2, 0xff, 0xe3, 0xe3, 0xe3, 0xff,
    0xe4, 0xe4, 0xe4, 0xff, 0xe5, 0xe5, 0xe5, 0xff, 0xe6, 0xe6, 0xe6, 0xff, 0xe7, 0xe7, 0xe7, 0xff,
    0xe8, 0xe8, 0xe8, 0xff, 0xe9, 0xe9, 0xe9, 0xff, 0xea, 0xea, 0xea, 0xff, 0xeb, 0xeb, 0xeb, 0xff,
    0xec, 0xec, 0xec, 0xff, 0xed, 0xed, 0xed, 0xff, 0xee, 0xee, 0xee, 0xff, 0xef, 0xef, 0xef, 0xff,
    0xf0, 0xf0, 0xf0, 0xff, 0xf1, 0xf1, 0xf1, 0xff, 0xf2, 0xf2, 0xf2, 0xff, 0xf3, 0xf3, 0xf3, 0xff,
    0xf4, 0xf4, 0xf4, 0xff, 0xf5, 0xf5, 0xf5, 0xff, 0xf6, 0xf6, 0xf6, 0xff, 0xf7, 0xf7, 0xf7, 0xff,
    0xf8, 0xf8, 0xf8, 0xff, 0xf9, 0xf9, 0xf9, 0xff, 0xfa, 0xfa, 0xfa, 0xff, 0xfb, 0xfb, 0xfb, 0xff,
    0xfc, 0xfc, 0xfc, 0xff, 0xfd, 0xfd, 0xfd, 0xff, 0xfe, 0xfe, 0xfe, 0xff, 0xff, 0xff, 0xff, 0xff,
    // Row 1: Turbo
    0x23, 0x17, 0x1b, 0xff, 0x27, 0x1a, 0x28, 0xff, 0x2b, 0x1c, 0x33, 0xff, 0x2f, 0x1e, 0x3f, 0xff,
    0x32, 0x20, 0x4a, 0xff, 0x36, 0x23, 0x54, 0xff, 0x39, 0x25, 0x5f, 0xff, 0x3b, 0x27, 0x68, 0xff,
    0x3e, 0x2a, 0x72, 0xff, 0x40, 0x2c, 0x7b, 0xff, 0x42, 0x2f, 0x83, 0xff, 0x44, 0x31, 0x8b, 0xff,
    0x45, 0x34, 0x93, 0xff, 0x46, 0x36, 0x9b, 0xff, 0x48, 0x39, 0xa2, 0xff, 0x49, 0x3c, 0xa8, 0xff,
    0x49, 0x3e, 0xaf, 0xff, 0x4a, 0x41, 0xb5, 0xff, 0x4a, 0x44, 0xbb, 0xff, 0x4b, 0x46, 0xc0, 0xff,
    0x4b, 0x49, 0xc5, 0xff, 0x4b, 0x4c, 0xca, 0xff, 0x4b, 0x4e, 0xcf, 0xff, 0x4b, 0x51, 0xd3, 0xff,
    0x4a, 0x54, 0xd7, 0xff, 0x4a, 0x56, 0xdb, 0xff, 0x49, 0x59, 0xde, 0xff, 0x49, 0x5c, 0xe2, 0xff,
    0x48, 0x5f, 0xe5, 0xff, 0x47, 0x61, 0xe7, 0xff, 0x46, 0x64, 0xea, 0xff, 0x45, 0x67, 0xec, 0xff,
    0x44, 0x6a, 0xee, 0xff, 0x44, 0x6d, 0xf0, 0xff, 0x42, 0x6f, 0xf2, 0xff, 0x41, 0x72, 0xf3, 0xff,
    0x40, 0x75, 0xf5, 0xff, 0x3f, 0x78, 0xf6, 0xff, 0x3e, 0x7a, 0xf7, 0xff, 0x3d, 0x7d, 0xf7, 0xff,
    0x3c, 0x80, 0xf8, 0xff, 0x3a, 0x83, 0xf9, 0xff, 0x39, 0x85, 0xf9, 0xff, 0x38, 0x88, 0xf9, 0xff,
    0x37, 0x8b, 0xf9, 0xff, 0x36, 0x8d, 0xf9, 0xff, 0x35, 0x90, 0xf8, 0xff, 0x33, 0x93, 0xf8, 0xff,
    0x32, 0x95, 0xf7, 0xff, 0x31, 0x98, 0xf7, 0xff, 0x30, 0x9b, 0xf6, 0xff, 0x2f, 0x9d, 0xf5, 0xff,
    0x2e, 0xa0, 0xf4, 0xff, 0x2d, 0xa2, 0xf3, 0xff, 0x2c, 0xa5, 0xf1, 0xff, 0x2b, 0xa7, 0xf0, 0xff,
    0x2a, 0xaa, 0xef, 0xff, 0x2a, 0xac, 0xed, 0xff, 0x29, 0xaf, 0xec, 0xff, 0x28, 0xb1, 0xea, 0xff,
    0x28, 0xb4, 0xe8, 0xff, 0x27, 0xb6, 0xe6, 0xff, 0x27, 0xb8, 0xe5, 0xff, 0x26, 0xbb, 0xe3, 0xff,
    0x26, 0xbd, 0xe1, 0xff, 0x26, 0xbf, 0xdf, 0xff, 0x25, 0xc1, 0xdc, 0xff, 0x25, 0xc3, 0xda, 0xff,
    0x25, 0xc6, 0xd8, 0xff, 0x25, 0xc8, 0xd6, 0xff, 0x25, 0xca, 0xd3, 0xff, 0x25, 0xcc, 0xd1, 0xff,
    0x25, 0xce, 0xcf, 0xff, 0x26, 0xd0, 0xcc, 0xff, 0x26, 0xd2, 0xca, 0xff, 0x26, 0xd4, 0xc8, 0xff,
    0x27, 0xd6, 0xc5, 0xff, 0x27, 0xd8, 0xc3, 0xff, 0x28, 0xd9, 0xc0, 0xff, 0x29, 0xdb, 0xbe, 0xff,
    0x29, 0xdd, 0xbb, 0xff, 0x2a, 0xdf, 0xb8, 0xff, 0x2b, 0xe0, 0xb6, 0xff, 0x2c, 0xe2, 0xb3, 0xff,
    0x2d, 0xe3, 0xb1, 0xff, 0x2e, 0xe5, 0xae, 0xff, 0x30, 0xe6, 0xac, 0xff, 0x31, 0xe8, 0xa9, 0xff,
    0x32, 0xe9, 0xa6, 0xff, 0x34, 0xeb, 0xa4, 0xff, 0x35, 0xec, 0xa1, 0xff, 0x37, 0xed, 0x9f, 0xff,
    0x39, 0xef, 0x9c, 0xff, 0x3a, 0xf0, 0x9a, 0xff, 0x3c, 0xf1, 0x97, 0xff, 0x3e, 0xf2, 0x95, 0xff,
    0x40, 0xf3, 0x92, 0xff, 0x42, 0xf4, 0x90, 0xff, 0x44, 0xf5, 0x8d, 0xff, 0x46, 0xf6, 0x8b, 0xff,
    0x48, 0xf7, 0x88, 0xff, 0x4a, 0xf7, 0x86, 0xff, 0x4d, 0xf8, 0x84, 0xff, 0x4f, 0xf9, 0x81, 0xff,
    0x51, 0xfa, 0x7f, 0xff, 0x54, 0xfa, 0x7d, 0xff, 0x56, 0xfb, 0x7a, 0xff, 0x59, 0xfb, 0x78, 0xff,
    0x5c, 0xfc, 0x76, 0xff, 0x5e, 0xfc, 0x74, 0xff, 0x61, 0xfd, 0x71, 0xff, 0x64, 0xfd, 0x6f, 0xff,
    0x66, 0xfd, 0x6d, 0xff, 0x69, 0xfd, 0x6b, 0xff, 0x6c, 0xfd, 0x69, 0xff, 0x6f, 0xfe, 0x67, 0xff,
    0x72, 0xfe, 0x65, 0xff, 0x75, 0xfe, 0x63, 0xff, 0x78, 0xfe, 0x61, 0xff, 0x7b, 0xfe, 0x5f, 0xff,
    0x7e, 0xfd, 0x5d, 0xff, 0x81, 0xfd, 0x5c, 0xff, 0x84, 0xfd, 0x5a, 0xff, 0x87, 0xfd, 0x58, 0xff,
    0x8a, 0xfc, 0x56, 0xff, 0x8d, 0xfc, 0x55, 0xff, 0x90, 0xfb, 0x53, 0xff, 0x93, 0xfb, 0x51, 0xff,
    0x96, 0xfa, 0x50, 0xff, 0x99, 0xfa, 0x4e, 0xff, 0x9c, 0xf9, 0x4d, 0xff, 0x9f, 0xf8, 0x4b, 0xff,
    0xa2, 0xf8, 0x4a, 0xff, 0xa6, 0xf7, 0x48, 0xff, 0xa9, 0xf6, 0x47, 0xff, 0xac, 0xf5, 0x46, 0xff,
    0xaf, 0xf4, 0x44, 0xff, 0xb2, 0xf3, 0x43, 0xff, 0xb5, 0xf2, 0x42, 0xff, 0xb8, 0xf1, 0x41, 0xff,
    0xbb, 0xf0, 0x3f, 0xff, 0xbe, 0xef, 0x3e, 0xff, 0xc1, 0xed, 0x3d, 0xff, 0xc3, 0xec, 0x3c, 0xff,
    0xc6, 0xeb, 0x3b, 0xff, 0xc9, 0xe9, 0x3a, 0xff, 0xcc, 0xe8, 0x39, 0xff, 0xcf, 0xe7, 0x38, 0xff,
    0xd1, 0xe5, 0x37, 0xff, 0xd4, 0xe3, 0x36, 0xff, 0xd7, 0xe2, 0x35, 0xff, 0xd9, 0xe0, 0x34, 0xff,
    0xdc, 0xdf, 0x33, 0xff, 0xde, 0xdd, 0x32, 0xff, 0xe0, 0xdb, 0x32, 0xff, 0xe3, 0xd9, 0x31, 0xff,
    0xe5, 0xd7, 0x30, 0xff, 0xe7, 0xd5, 0x2f, 0xff, 0xe9, 0xd4, 0x2f, 0xff, 0xec, 0xd2, 0x2e, 0xff,
    0xee, 0xd0, 0x2d, 0xff, 0xf0, 0xce, 0x2c, 0xff, 0xf1, 0xcb, 0x2c, 0xff, 0xf3, 0xc9, 0x2b, 0xff,
    0xf5, 0xc7, 0x2b, 0xff, 0xf7, 0xc5, 0x2a, 0xff, 0xf8, 0xc3, 0x29, 0xff, 0xfa, 0xc0, 0x29, 0xff,
    0xfb, 0xbe, 0x28, 0xff, 0xfd, 0xbc, 0x28, 0xff, 0xfe, 0xb9, 0x27, 0xff, 0xff, 0xb7, 0x27, 0xff,
    0xff, 0xb5, 0x26, 0xff, 0xff, 0xb2, 0x26, 0xff, 0xff, 0xb0, 0x25, 0xff, 0xff, 0xad, 0x25, 0xff,
    0xff, 0xab, 0x24, 0xff, 0xff, 0xa8, 0x24, 0xff, 0xff, 0xa6, 0x23, 0xff, 0xff, 0xa3, 0x23, 0xff,
    0xff, 0xa0, 0x22, 0xff, 0xff, 0x9e, 0x22, 0xff, 0xff, 0x9b, 0x21, 0xff, 0xff, 0x99, 0x21, 0xff,
    0xff, 0x96, 0x21, 0xff, 0xff, 0x93, 0x20, 0xff, 0xff, 0x90, 0x20, 0xff, 0xff, 0x8e, 0x1f, 0xff,
    0xff, 0x8b, 0x1f, 0xff, 0xff, 0x88, 0x1e, 0xff, 0xff, 0x85, 0x1e, 0xff, 0xff, 0x83, 0x1d, 0xff,
    0xff, 0x80, 0x1d, 0xff, 0xff, 0x7d, 0x1d, 0xff, 0xff, 0x7a, 0x1c, 0xff, 0xff, 0x78, 0x1c, 0xff,
    0xff, 0x75, 0x1b, 0xff, 0xff, 0x72, 0x1b, 0xff, 0xff, 0x6f, 0x1a, 0xff, 0xfd, 0x6c, 0x1a, 0xff,
    0xfc, 0x6a, 0x19, 0xff, 0xfa, 0x67, 0x19, 0xff, 0xf9, 0x64, 0x18, 0xff, 0xf7, 0x61, 0x18, 0xff,
    0xf6, 0x5f, 0x18, 0xff, 0xf4, 0x5c, 0x17, 0xff, 0xf2, 0x59, 0x16, 0xff, 0xf0, 0x57, 0x16, 0xff,
    0xee, 0x54, 0x15, 0xff, 0xec, 0x51, 0x15, 0xff, 0xea, 0x4f, 0x14, 0xff, 0xe8, 0x4c, 0x14, 0xff,
    0xe6, 0x49, 0x13, 0xff, 0xe4, 0x47, 0x13, 0xff, 0xe2, 0x44, 0x12, 0xff, 0xdf, 0x42, 0x12, 0xff,
    0xdd, 0x3f, 0x11, 0xff, 0xda, 0x3d, 0x10, 0xff, 0xd8, 0x3a, 0x10, 0xff, 0xd5, 0x38, 0x0f, 0xff,
    0xd3, 0x36, 0x0f, 0xff, 0xd0, 0x33, 0x0e, 0xff, 0xce, 0x31, 0x0d, 0xff, 0xcb, 0x2f, 0x0d, 0xff,
    0xc9, 0x2d, 0x0c, 0xff, 0xc6, 0x2a, 0x0b, 0xff, 0xc3, 0x28, 0x0b, 0xff, 0xc1, 0x26, 0x0a, 0xff,
    0xbe, 0x24, 0x09, 0xff, 0xbb, 0x23, 0x09, 0xff, 0xb9, 0x21, 0x08, 0xff, 0xb6, 0x1f, 0x07, 0xff,
    0xb4, 0x1d, 0x07, 0xff, 0xb1, 0x1b, 0x06, 0xff, 0xaf, 0x1a, 0x05, 0xff, 0xac, 0x18, 0x05, 0xff,
    0xaa, 0x17, 0x04, 0xff, 0xa8, 0x16, 0x04, 0xff, 0xa5, 0x14, 0x03, 0xff, 0xa3, 0x13, 0x02, 0xff,
    0xa1, 0x12, 0x02, 0xff, 0x9f, 0x11, 0x01, 0xff, 0x9d, 0x10, 0x00, 0xff, 0x9b, 0x0f, 0x00, 0xff,
    0x9a, 0x0e, 0x00, 0xff, 0x98, 0x0e, 0x00, 0xff, 0x96, 0x0d, 0x00, 0xff, 0x95, 0x0c, 0x00, 0xff,
    0x94, 0x0c, 0x00, 0xff, 0x93, 0x0c, 0x00, 0xff, 0x92, 0x0c, 0x00, 0xff, 0x91, 0x0b, 0x00, 0xff,
    0x91, 0x0c, 0x00, 0xff, 0x90, 0x0c, 0x00, 0xff, 0x90, 0x0c, 0x00, 0xff, 0x90, 0x0c, 0x00, 0xff,
    // Row 2: Cyclic phase
    0xff, 0x40, 0x40, 0xff, 0xff, 0x42, 0x3d, 0xff, 0xff, 0x45, 0x3a, 0xff, 0xff, 0x48, 0x38, 0xff,
    0xfe, 0x4b, 0x35, 0xff, 0xfe, 0x4e, 0x33, 0xff, 0xfe, 0x51, 0x30, 0xff, 0xfd, 0x54, 0x2e, 0xff,
    0xfd, 0x57, 0x2b, 0xff, 0xfc, 0x5a, 0x29, 0xff, 0xfb, 0x5d, 0x27, 0xff, 0xfa, 0x60, 0x25, 0xff,
    0xf9, 0x63, 0x22, 0xff, 0xf9, 0x66, 0x20, 0xff, 0xf7, 0x69, 0x1e, 0xff, 0xf6, 0x6c, 0x1c, 0xff,
    0xf5, 0x6f, 0x1a, 0xff, 0xf4, 0x72, 0x18, 0xff, 0xf3, 0x75, 0x17, 0xff, 0xf1, 0x78, 0x15, 0xff,
    0xf0, 0x7c, 0x13, 0xff, 0xee, 0x7f, 0x11, 0xff, 0xed, 0x82, 0x10, 0xff, 0xeb, 0x85, 0x0e, 0xff,
    0xe9, 0x88, 0x0d, 0xff, 0xe8, 0x8b, 0x0c, 0xff, 0xe6, 0x8e, 0x0a, 0xff, 0xe4, 0x92, 0x09, 0xff,
    0xe2, 0x95, 0x08, 0xff, 0xe0, 0x98, 0x07, 0xff, 0xde, 0x9b, 0x06, 0xff, 0xdc, 0x9e, 0x05, 0xff,
    0xd9, 0xa1, 0x04, 0xff, 0xd7, 0xa4, 0x03, 0xff, 0xd5, 0xa7, 0x03, 0xff, 0xd2, 0xaa, 0x02, 0xff,
    0xd0, 0xad, 0x02, 0xff, 0xce, 0xb0, 0x01, 0xff, 0xcb, 0xb3, 0x01, 0xff, 0xc9, 0xb6, 0x00, 0xff,
    0xc6, 0xb8, 0x00, 0xff, 0xc3, 0xbb, 0x00, 0xff, 0xc1, 0xbe, 0x00, 0xff, 0xbe, 0xc1, 0x00, 0xff,
    0xbb, 0xc3, 0x00, 0xff, 0xb8, 0xc6, 0x00, 0xff, 0xb6, 0xc9, 0x00, 0xff, 0xb3, 0xcb, 0x01, 0xff,
    0xb0, 0xce, 0x01, 0xff, 0xad, 0xd0, 0x02, 0xff, 0xaa, 0xd2, 0x02, 0xff, 0xa7, 0xd5, 0x03, 0xff,
    0xa4, 0xd7, 0x03, 0xff, 0xa1, 0xd9, 0x04, 0xff, 0x9e, 0xdc, 0x05, 0xff, 0x9b, 0xde, 0x06, 0xff,
    0x98, 0xe0, 0x07, 0xff, 0x95, 0xe2, 0x08, 0xff, 0x92, 0xe4, 0x09, 0xff, 0x8e, 0xe6, 0x0a, 0xff,
    0x8b, 0xe8, 0x0c, 0xff, 0x88, 0xe9, 0x0d, 0xff, 0x85, 0xeb, 0x0e, 0xff, 0x82, 0xed, 0x10, 0xff,
    0x7f, 0xee, 0x11, 0xff, 0x7c, 0xf0, 0x13, 0xff, 0x78, 0xf1, 0x15, 0xff, 0x75, 0xf3, 0x17, 0xff,
    0x72, 0xf4, 0x18, 0xff, 0x6f, 0xf5, 0x1a, 0xff, 0x6c, 0xf6, 0x1c, 0xff, 0x69, 0xf7, 0x1e, 0xff,
    0x66, 0xf9, 0x20, 0xff, 0x63, 0xf9, 0x22, 0xff, 0x60, 0xfa, 0x25, 0xff, 0x5d, 0xfb, 0x27, 0xff,
    0x5a, 0xfc, 0x29, 0xff, 0x57, 0xfd, 0x2b, 0xff, 0x54, 0xfd, 0x2e, 0xff, 0x51, 0xfe, 0x30, 0xff,
    0x4e, 0xfe, 0x33, 0xff, 0x4b, 0xfe, 0x35, 0xff, 0x48, 0xff, 0x38, 0xff, 0x45, 0xff, 0x3a, 0xff,
    0x42, 0xff, 0x3d, 0xff, 0x40, 0xff, 0x40, 0xff, 0x3d, 0xff, 0x42, 0xff, 0x3a, 0xff, 0x45, 0xff,
    0x38, 0xff, 0x48, 0xff, 0x35, 0xfe, 0x4b, 0xff, 0x33, 0xfe, 0x4e, 0xff, 0x30, 0xfe, 0x51, 0xff,
    0x2e, 0xfd, 0x54, 0xff, 0x2b, 0xfd, 0x57, 0xff, 0x29, 0xfc, 0x5a, 0xff, 0x27, 0xfb, 0x5d, 0xff,
    0x25, 0xfa, 0x60, 0xff, 0x22, 0xf9, 0x63, 0xff, 0x20, 0xf9, 0x66, 0xff, 0x1e, 0xf7, 0x69, 0xff,
    0x1c, 0xf6, 0x6c, 0xff, 0x1a, 0xf5, 0x6f, 0xff, 0x18, 0xf4, 0x72, 0xff, 0x17, 0xf3, 0x75, 0xff,
    0x15, 0xf1, 0x78, 0xff, 0x13, 0xf0, 0x7c, 0xff, 0x11, 0xee, 0x7f, 0xff, 0x10, 0xed, 0x82, 0xff,
    0x0e, 0xeb, 0x85, 0xff, 0x0d, 0xe9, 0x88, 0xff, 0x0c, 0xe8, 0x8b, 0xff, 0x0a, 0xe6, 0x8e, 0xff,
    0x09, 0xe4, 0x92, 0xff, 0x08, 0xe2, 0x95, 0xff, 0x07, 0xe0, 0x98, 0xff, 0x06, 0xde, 0x9b, 0xff,
    0x05, 0xdc, 0x9e, 0xff, 0x04, 0xd9, 0xa1, 0xff, 0x03, 0xd7, 0xa4, 0xff, 0x03, 0xd5, 0xa7, 0xff,
    0x02, 0xd2, 0xaa, 0xff, 0x02, 0xd0, 0xad, 0xff, 0x01, 0xce, 0xb0, 0xff, 0x01, 0xcb, 0xb3, 0xff,
    0x00, 0xc9, 0xb6, 0xff, 0x00, 0xc6, 0xb8, 0xff, 0x00, 0xc3, 0xbb, 0xff, 0x00, 0xc1, 0xbe, 0xff,
    0x00, 0xbe, 0xc1, 0xff, 0x00, 0xbb, 0xc3, 0xff, 0x00, 0xb8, 0xc6, 0xff, 0x00, 0xb6, 0xc9, 0xff,
    0x01, 0xb3, 0xcb, 0xff, 0x01, 0xb0, 0xce, 0xff, 0x02, 0xad, 0xd0, 0xff, 0x02, 0xaa, 0xd2, 0xff,
    0x03, 0xa7, 0xd5, 0xff, 0x03, 0xa4, 0xd7, 0xff, 0x04, 0xa1, 0xd9, 0xff, 0x05, 0x9e, 0xdc, 0xff,
    0x06, 0x9b, 0xde, 0xff, 0x07, 0x98, 0xe0, 0xff, 0x08, 0x95, 0xe2, 0xff, 0x09, 0x92, 0xe4, 0xff,
    0x0a, 0x8e, 0xe6, 0xff, 0x0c, 0x8b, 0xe8, 0xff, 0x0d, 0x88, 0xe9, 0xff, 0x0e, 0x85, 0xeb, 0xff,
    0x10, 0x82, 0xed, 0xff, 0x11, 0x7f, 0xee, 0xff, 0x13, 0x7c, 0xf0, 0xff, 0x15, 0x78, 0xf1, 0xff,
    0x17, 0x75, 0xf3, 0xff, 0x18, 0x72, 0xf4, 0xff, 0x1a, 0x6f, 0xf5, 0xff, 0x1c, 0x6c, 0xf6, 0xff,
    0x1e, 0x69, 0xf7, 0xff, 0x20, 0x66, 0xf9, 0xff, 0x22, 0x63, 0xf9, 0xff, 0x25, 0x60, 0xfa, 0xff,
    0x27, 0x5d, 0xfb, 0xff, 0x29, 0x5a, 0xfc, 0xff, 0x2b, 0x57, 0xfd, 0xff, 0x2e, 0x54, 0xfd, 0xff,
    0x30, 0x51, 0xfe, 0xff, 0x33, 0x4e, 0xfe, 0xff, 0x35, 0x4b, 0xfe, 0xff, 0x38, 0x48, 0xff, 0xff,
    0x3a, 0x45, 0xff, 0xff, 0x3d, 0x42, 0xff, 0xff, 0x40, 0x40, 0xff, 0xff, 0x42, 0x3d, 0xff, 0xff,
    0x45, 0x3a, 0xff, 0xff, 0x48, 0x38, 0xff, 0xff, 0x4b, 0x35, 0xfe, 0xff, 0x4e, 0x33, 0xfe, 0xff,
    0x51, 0x30, 0xfe, 0xff, 0x54, 0x2e, 0xfd, 0xff, 0x57, 0x2b, 0xfd, 0xff, 0x5a, 0x29, 0xfc, 0xff,
    0x5d, 0x27, 0xfb, 0xff, 0x60, 0x25, 0xfa, 0xff, 0x63, 0x22, 0xf9, 0xff, 0x66, 0x20, 0xf9, 0xff,
    0x69, 0x1e, 0xf7, 0xff, 0x6c, 0x1c, 0xf6, 0xff, 0x6f, 0x1a, 0xf5, 0xff, 0x72, 0x18, 0xf4, 0xff,
    0x75, 0x17, 0xf3, 0xff, 0x78, 0x15, 0xf1, 0xff, 0x7c, 0x13, 0xf0, 0xff, 0x7f, 0x11, 0xee, 0xff,
    0x82, 0x10, 0xed, 0xff, 0x85, 0x0e, 0xeb, 0xff, 0x88, 0x0d, 0xe9, 0xff, 0x8b, 0x0c, 0xe8, 0xff,
    0x8e, 0x0a, 0xe6, 0xff, 0x92, 0x09, 0xe4, 0xff, 0x95, 0x08, 0xe2, 0xff, 0x98, 0x07, 0xe0, 0xff,
    0x9b, 0x06, 0xde, 0xff, 0x9e, 0x05, 0xdc, 0xff, 0xa1, 0x04, 0xd9, 0xff, 0xa4, 0x03, 0xd7, 0xff,
    0xa7, 0x03, 0xd5, 0xff, 0xaa, 0x02, 0xd2, 0xff, 0xad, 0x02, 0xd0, 0xff, 0xb0, 0x01, 0xce, 0xff,
    0xb3, 0x01, 0xcb, 0xff, 0xb6, 0x00, 0xc9, 0xff, 0xb8, 0x00, 0xc6, 0xff, 0xbb, 0x00, 0xc3, 0xff,
    0xbe, 0x00, 0xc1, 0xff, 0xc1, 0x00, 0xbe, 0xff, 0xc3, 0x00, 0xbb, 0xff, 0xc6, 0x00, 0xb8, 0xff,
    0xc9, 0x00, 0xb6, 0xff, 0xcb, 0x01, 0xb3, 0xff, 0xce, 0x01, 0xb0, 0xff, 0xd0, 0x02, 0xad, 0xff,
    0xd2, 0x02, 0xaa, 0xff, 0xd5, 0x03, 0xa7, 0xff, 0xd7, 0x03, 0xa4, 0xff, 0xd9, 0x04, 0xa1, 0xff,
    0xdc, 0x05, 0x9e, 0xff, 0xde, 0x06, 0x9b, 0xff, 0xe0, 0x07, 0x98, 0xff, 0xe2, 0x08, 0x95, 0xff,
    0xe4, 0x09, 0x92, 0xff, 0xe6, 0x0a, 0x8e, 0xff, 0xe8, 0x0c, 0x8b, 0xff, 0xe9, 0x0d, 0x88, 0xff,
    0xeb, 0x0e, 0x85, 0xff, 0xed, 0x10, 0x82, 0xff, 0xee, 0x11, 0x7f, 0xff, 0xf0, 0x13, 0x7c, 0xff,
    0xf1, 0x15, 0x78, 0xff, 0xf3, 0x17, 0x75, 0xff, 0xf4, 0x18, 0x72, 0xff, 0xf5, 0x1a, 0x6f, 0xff,
    0xf6, 0x1c, 0x6c, 0xff, 0xf7, 0x1e, 0x69, 0xff, 0xf9, 0x20, 0x66, 0xff, 0xf9, 0x22, 0x63, 0xff,
    0xfa, 0x25, 0x60, 0xff, 0xfb, 0x27, 0x5d, 0xff, 0xfc, 0x29, 0x5a, 0xff, 0xfd, 0x2b, 0x57, 0xff,
    0xfd, 0x2e, 0x54, 0xff, 0xfe, 0x30, 0x51, 0xff, 0xfe, 0x33, 0x4e, 0xff, 0xfe, 0x35, 0x4b, 0xff,
    0xff, 0x38, 0x48, 0xff, 0xff, 0x3a, 0x45, 0xff, 0xff, 0x3d, 0x42, 0xff, 0xff, 0x40, 0x40, 0xff,
    // Row 3: cmweather balance
    0x17, 0x1c, 0x42, 0xff, 0x18, 0x1d, 0x45, 0xff, 0x19, 0x1f, 0x48, 0xff, 0x1a, 0x20, 0x4b, 0xff,
    0x1b, 0x21, 0x4e, 0xff, 0x1c, 0x23, 0x51, 0xff, 0x1d, 0x24, 0x55, 0xff, 0x1e, 0x26, 0x58, 0xff,
    0x1f, 0x27, 0x5b, 0xff, 0x20, 0x28, 0x5e, 0xff, 0x21, 0x29, 0x61, 0xff, 0x22, 0x2b, 0x65, 0xff,
    0x23, 0x2c, 0x68, 0xff, 0x23, 0x2d, 0x6b, 0xff, 0x24, 0x2f, 0x6f, 0xff, 0x25, 0x30, 0x72, 0xff,
    0x26, 0x31, 0x76, 0xff, 0x26, 0x33, 0x79, 0xff, 0x27, 0x34, 0x7d, 0xff, 0x27, 0x35, 0x80, 0xff,
    0x28, 0x37, 0x84, 0xff, 0x28, 0x38, 0x88, 0xff, 0x28, 0x39, 0x8b, 0xff, 0x29, 0x3a, 0x8f, 0xff,
    0x29, 0x3c, 0x92, 0xff, 0x29, 0x3d, 0x96, 0xff, 0x29, 0x3f, 0x9a, 0xff, 0x28, 0x40, 0x9e, 0xff,
    0x28, 0x41, 0xa1, 0xff, 0x27, 0x43, 0xa5, 0xff, 0x27, 0x44, 0xa8, 0xff, 0x26, 0x46, 0xac, 0xff,
    0x24, 0x48, 0xaf, 0xff, 0x23, 0x4a, 0xb2, 0xff, 0x21, 0x4b, 0xb5, 0xff, 0x1e, 0x4d, 0xb8, 0xff,
    0x1c, 0x50, 0xba, 0xff, 0x18, 0x52, 0xbb, 0xff, 0x15, 0x54, 0xbc, 0xff, 0x12, 0x56, 0xbd, 0xff,
    0x0f, 0x59, 0xbd, 0xff, 0x0d, 0x5b, 0xbe, 0xff, 0x0b, 0x5d, 0xbe, 0xff, 0x0a, 0x5f, 0xbd, 0xff,
    0x09, 0x62, 0xbd, 0xff, 0x0a, 0x64, 0xbd, 0xff, 0x0b, 0x66, 0xbd, 0xff, 0x0c, 0x68, 0xbc, 0xff,
    0x0e, 0x6a, 0xbc, 0xff, 0x10, 0x6c, 0xbc, 0xff, 0x13, 0x6e, 0xbb, 0xff, 0x15, 0x70, 0xbb, 0xff,
    0x18, 0x72, 0xbb, 0xff, 0x1b, 0x74, 0xbb, 0xff, 0x1d, 0x75, 0xba, 0xff, 0x20, 0x77, 0xba, 0xff,
    0x23, 0x79, 0xba, 0xff, 0x25, 0x7b, 0xba, 0xff, 0x28, 0x7d, 0xba, 0xff, 0x2b, 0x7f, 0xba, 0xff,
    0x2d, 0x80, 0xb9, 0xff, 0x30, 0x82, 0xb9, 0xff, 0x33, 0x84, 0xb9, 0xff, 0x35, 0x86, 0xb9, 0xff,
    0x38, 0x87, 0xb9, 0xff, 0x3b, 0x89, 0xb9, 0xff, 0x3d, 0x8b, 0xb9, 0xff, 0x40, 0x8c, 0xb9, 0xff,
    0x42, 0x8e, 0xb9, 0xff, 0x45, 0x90, 0xb9, 0xff, 0x48, 0x91, 0xb9, 0xff, 0x4b, 0x93, 0xba, 0xff,
    0x4d, 0x95, 0xba, 0xff, 0x50, 0x96, 0xba, 0xff, 0x53, 0x98, 0xba, 0xff, 0x56, 0x9a, 0xba, 0xff,
    0x59, 0x9b, 0xba, 0xff, 0x5b, 0x9d, 0xba, 0xff, 0x5e, 0x9e, 0xbb, 0xff, 0x61, 0xa0, 0xbb, 0xff,
    0x64, 0xa2, 0xbb, 0xff, 0x68, 0xa3, 0xbc, 0xff, 0x6b, 0xa5, 0xbc, 0xff, 0x6e, 0xa6, 0xbc, 0xff,
    0x71, 0xa8, 0xbd, 0xff, 0x74, 0xa9, 0xbd, 0xff, 0x77, 0xab, 0xbe, 0xff, 0x7b, 0xac, 0xbe, 0xff,
    0x7e, 0xad, 0xbf, 0xff, 0x81, 0xaf, 0xbf, 0xff, 0x84, 0xb0, 0xc0, 0xff, 0x87, 0xb2, 0xc1, 0xff,
    0x8b, 0xb3, 0xc1, 0xff, 0x8e, 0xb5, 0xc2, 0xff, 0x91, 0xb6, 0xc3, 0xff, 0x94, 0xb8, 0xc4, 0xff,
    0x97, 0xb9, 0xc5, 0xff, 0x9a, 0xba, 0xc5, 0xff, 0x9d, 0xbc, 0xc6, 0xff, 0xa0, 0xbd, 0xc7, 0xff,
    0xa3, 0xbf, 0xc8, 0xff, 0xa6, 0xc0, 0xc9, 0xff, 0xa9, 0xc2, 0xca, 0xff, 0xac, 0xc3, 0xcb, 0xff,
    0xaf, 0xc5, 0xcd, 0xff, 0xb2, 0xc6, 0xce, 0xff, 0xb5, 0xc8, 0xcf, 0xff, 0xb8, 0xca, 0xd0, 0xff,
    0xbb, 0xcb, 0xd1, 0xff, 0xbe, 0xcd, 0xd2, 0xff, 0xc1, 0xce, 0xd4, 0xff, 0xc4, 0xd0, 0xd5, 0xff,
    0xc7, 0xd2, 0xd6, 0xff, 0xca, 0xd3, 0xd7, 0xff, 0xcc, 0xd5, 0xd9, 0xff, 0xcf, 0xd6, 0xda, 0xff,
    0xd2, 0xd8, 0xdb, 0xff, 0xd5, 0xda, 0xdd, 0xff, 0xd8, 0xdc, 0xde, 0xff, 0xdb, 0xdd, 0xdf, 0xff,
    0xdd, 0xdf, 0xe1, 0xff, 0xe0, 0xe1, 0xe2, 0xff, 0xe3, 0xe3, 0xe4, 0xff, 0xe6, 0xe4, 0xe5, 0xff,
    0xe8, 0xe6, 0xe7, 0xff, 0xeb, 0xe8, 0xe8, 0xff, 0xee, 0xea, 0xea, 0xff, 0xf0, 0xec, 0xeb, 0xff,
    0xf0, 0xec, 0xeb, 0xff, 0xef, 0xe9, 0xe8, 0xff, 0xee, 0xe7, 0xe6, 0xff, 0xed, 0xe5, 0xe3, 0xff,
    0xec, 0xe2, 0xe0, 0xff, 0xeb, 0xe0, 0xdd, 0xff, 0xea, 0xde, 0xda, 0xff, 0xe9, 0xdb, 0xd7, 0xff,
    0xe8, 0xd9, 0xd5, 0xff, 0xe7, 0xd6, 0xd2, 0xff, 0xe7, 0xd4, 0xcf, 0xff, 0xe6, 0xd2, 0xcc, 0xff,
    0xe5, 0xcf, 0xc9, 0xff, 0xe4, 0xcd, 0xc6, 0xff, 0xe3, 0xcb, 0xc3, 0xff, 0xe3, 0xc8, 0xc0, 0xff,
    0xe2, 0xc6, 0xbe, 0xff, 0xe1, 0xc4, 0xbb, 0xff, 0xe0, 0xc1, 0xb8, 0xff, 0xdf, 0xbf, 0xb5, 0xff,
    0xdf, 0xbd, 0xb2, 0xff, 0xde, 0xba, 0xaf, 0xff, 0xdd, 0xb8, 0xac, 0xff, 0xdd, 0xb6, 0xa9, 0xff,
    0xdc, 0xb3, 0xa6, 0xff, 0xdb, 0xb1, 0xa3, 0xff, 0xda, 0xaf, 0xa1, 0xff, 0xda, 0xad, 0x9e, 0xff,
    0xd9, 0xaa, 0x9b, 0xff, 0xd8, 0xa8, 0x98, 0xff, 0xd8, 0xa6, 0x95, 0xff, 0xd7, 0xa3, 0x92, 0xff,
    0xd6, 0xa1, 0x8f, 0xff, 0xd6, 0x9f, 0x8c, 0xff, 0xd5, 0x9d, 0x89, 0xff, 0xd4, 0x9a, 0x87, 0xff,
    0xd4, 0x98, 0x84, 0xff, 0xd3, 0x96, 0x81, 0xff, 0xd2, 0x94, 0x7e, 0xff, 0xd2, 0x91, 0x7b, 0xff,
    0xd1, 0x8f, 0x78, 0xff, 0xd0, 0x8d, 0x76, 0xff, 0xd0, 0x8a, 0x73, 0xff, 0xcf, 0x88, 0x70, 0xff,
    0xce, 0x86, 0x6d, 0xff, 0xcd, 0x84, 0x6a, 0xff, 0xcd, 0x81, 0x68, 0xff, 0xcc, 0x7f, 0x65, 0xff,
    0xcb, 0x7d, 0x62, 0xff, 0xcb, 0x7a, 0x5f, 0xff, 0xca, 0x78, 0x5d, 0xff, 0xc9, 0x76, 0x5a, 0xff,
    0xc8, 0x73, 0x57, 0xff, 0xc8, 0x71, 0x55, 0xff, 0xc7, 0x6f, 0x52, 0xff, 0xc6, 0x6c, 0x4f, 0xff,
    0xc5, 0x6a, 0x4d, 0xff, 0xc5, 0x68, 0x4a, 0xff, 0xc4, 0x65, 0x48, 0xff, 0xc3, 0x63, 0x45, 0xff,
    0xc2, 0x60, 0x43, 0xff, 0xc1, 0x5e, 0x40, 0xff, 0xc0, 0x5c, 0x3e, 0xff, 0xc0, 0x59, 0x3c, 0xff,
    0xbf, 0x57, 0x3a, 0xff, 0xbe, 0x54, 0x37, 0xff, 0xbd, 0x52, 0x35, 0xff, 0xbc, 0x4f, 0x33, 0xff,
    0xbb, 0x4d, 0x31, 0xff, 0xba, 0x4a, 0x2f, 0xff, 0xb9, 0x48, 0x2d, 0xff, 0xb8, 0x45, 0x2c, 0xff,
    0xb7, 0x42, 0x2a, 0xff, 0xb6, 0x40, 0x29, 0xff, 0xb5, 0x3d, 0x28, 0xff, 0xb4, 0x3a, 0x27, 0xff,
    0xb3, 0x38, 0x26, 0xff, 0xb1, 0x35, 0x25, 0xff, 0xb0, 0x32, 0x24, 0xff, 0xaf, 0x30, 0x24, 0xff,
    0xad, 0x2d, 0x24, 0xff, 0xac, 0x2b, 0x24, 0xff, 0xaa, 0x28, 0x24, 0xff, 0xa8, 0x26, 0x24, 0xff,
    0xa7, 0x23, 0x24, 0xff, 0xa5, 0x21, 0x24, 0xff, 0xa3, 0x1f, 0x25, 0xff, 0xa1, 0x1d, 0x25, 0xff,
    0x9f, 0x1b, 0x25, 0xff, 0x9d, 0x19, 0x26, 0xff, 0x9b, 0x17, 0x26, 0xff, 0x99, 0x15, 0x27, 0xff,
    0x96, 0x14, 0x27, 0xff, 0x94, 0x12, 0x27, 0xff, 0x92, 0x11, 0x28, 0xff, 0x8f, 0x10, 0x28, 0xff,
    0x8d, 0x0f, 0x28, 0xff, 0x8a, 0x0f, 0x29, 0xff, 0x88, 0x0e, 0x29, 0xff, 0x85, 0x0e, 0x29, 0xff,
    0x82, 0x0e, 0x29, 0xff, 0x80, 0x0d, 0x29, 0xff, 0x7d, 0x0d, 0x29, 0xff, 0x7a, 0x0e, 0x28, 0xff,
    0x78, 0x0e, 0x28, 0xff, 0x75, 0x0e, 0x27, 0xff, 0x72, 0x0e, 0x27, 0xff, 0x70, 0x0e, 0x26, 0xff,
    0x6d, 0x0e, 0x26, 0xff, 0x6a, 0x0e, 0x25, 0xff, 0x68, 0x0e, 0x24, 0xff, 0x65, 0x0e, 0x23, 0xff,
    0x62, 0x0e, 0x22, 0xff, 0x60, 0x0e, 0x21, 0xff, 0x5d, 0x0e, 0x21, 0xff, 0x5a, 0x0e, 0x20, 0xff,
    0x58, 0x0d, 0x1e, 0xff, 0x55, 0x0d, 0x1d, 0xff, 0x53, 0x0d, 0x1c, 0xff, 0x50, 0x0c, 0x1b, 0xff,
    0x4d, 0x0c, 0x1a, 0xff, 0x4b, 0x0c, 0x19, 0xff, 0x48, 0x0b, 0x18, 0xff, 0x46, 0x0b, 0x16, 0xff,
    0x43, 0x0a, 0x15, 0xff, 0x41, 0x0a, 0x14, 0xff, 0x3e, 0x09, 0x13, 0xff, 0x3c, 0x09, 0x11, 0xff,
    // Row 4: cmweather ChaseSpectral
    0x00, 0x00, 0x03, 0xff, 0x03, 0x02, 0x06, 0xff, 0x06, 0x04, 0x0a, 0xff, 0x09, 0x07, 0x0e, 0xff,
    0x0c, 0x0a, 0x11, 0xff, 0x0f, 0x0c, 0x14, 0xff, 0x11, 0x0e, 0x17, 0xff, 0x13, 0x10, 0x19, 0xff,
    0x15, 0x12, 0x1c, 0xff, 0x17, 0x13, 0x1e, 0xff, 0x18, 0x15, 0x21, 0xff, 0x1a, 0x16, 0x24, 0xff,
    0x1b, 0x18, 0x26, 0xff, 0x1d, 0x19, 0x29, 0xff, 0x1f, 0x1a, 0x2c, 0xff, 0x20, 0x1c, 0x2e, 0xff,
    0x22, 0x1d, 0x31, 0xff, 0x24, 0x1e, 0x34, 0xff, 0x25, 0x20, 0x37, 0xff, 0x27, 0x21, 0x3a, 0xff,
    0x29, 0x23, 0x3c, 0xff, 0x2a, 0x24, 0x3f, 0xff, 0x2c, 0x26, 0x42, 0xff, 0x2e, 0x27, 0x45, 0xff,
    0x30, 0x28, 0x48, 0xff, 0x31, 0x2a, 0x4b, 0xff, 0x33, 0x2b, 0x4e, 0xff, 0x35, 0x2d, 0x51, 0xff,
    0x37, 0x2e, 0x54, 0xff, 0x38, 0x30, 0x57, 0xff, 0x3a, 0x31, 0x5a, 0xff, 0x3c, 0x33, 0x5d, 0xff,
    0x3e, 0x34, 0x60, 0xff, 0x3f, 0x36, 0x64, 0xff, 0x41, 0x37, 0x67, 0xff, 0x43, 0x39, 0x6a, 0xff,
    0x45, 0x3a, 0x6d, 0xff, 0x47, 0x3c, 0x70, 0xff, 0x49, 0x3d, 0x73, 0xff, 0x4a, 0x3f, 0x77, 0xff,
    0x4c, 0x41, 0x7a, 0xff, 0x4e, 0x42, 0x7d, 0xff, 0x50, 0x44, 0x80, 0xff, 0x52, 0x45, 0x84, 0xff,
    0x54, 0x47, 0x87, 0xff, 0x56, 0x48, 0x8a, 0xff, 0x57, 0x4a, 0x8d, 0xff, 0x59, 0x4c, 0x91, 0xff,
    0x5b, 0x4d, 0x94, 0xff, 0x5d, 0x4f, 0x97, 0xff, 0x5f, 0x50, 0x9b, 0xff, 0x61, 0x52, 0x9e, 0xff,
    0x63, 0x54, 0xa1, 0xff, 0x64, 0x55, 0xa5, 0xff, 0x66, 0x57, 0xa8, 0xff, 0x67, 0x59, 0xab, 0xff,
    0x67, 0x5c, 0xad, 0xff, 0x67, 0x5e, 0xb0, 0xff, 0x66, 0x61, 0xb2, 0xff, 0x65, 0x64, 0xb4, 0xff,
    0x63, 0x67, 0xb5, 0xff, 0x60, 0x6b, 0xb7, 0xff, 0x5d, 0x6e, 0xb8, 0xff, 0x5a, 0x72, 0xb9, 0xff,
    0x56, 0x75, 0xbb, 0xff, 0x53, 0x78, 0xbc, 0xff, 0x4f, 0x7b, 0xbd, 0xff, 0x4b, 0x7f, 0xbd, 0xff,
    0x48, 0x82, 0xbe, 0xff, 0x45, 0x85, 0xbe, 0xff, 0x42, 0x88, 0xbe, 0xff, 0x40, 0x8b, 0xbd, 0xff,
    0x3f, 0x8e, 0xbc, 0xff, 0x3f, 0x91, 0xba, 0xff, 0x40, 0x94, 0xb8, 0xff, 0x41, 0x96, 0xb5, 0xff,
    0x43, 0x99, 0xb2, 0xff, 0x44, 0x9c, 0xb0, 0xff, 0x47, 0x9f, 0xad, 0xff, 0x49, 0xa1, 0xaa, 0xff,
    0x4b, 0xa4, 0xa7, 0xff, 0x4d, 0xa7, 0xa4, 0xff, 0x50, 0xa9, 0xa1, 0xff, 0x52, 0xac, 0x9e, 0xff,
    0x55, 0xae, 0x9c, 0xff, 0x58, 0xb0, 0x9a, 0xff, 0x5c, 0xb3, 0x98, 0xff, 0x60, 0xb5, 0x97, 0xff,
    0x64, 0xb7, 0x96, 0xff, 0x69, 0xb9, 0x96, 0xff, 0x6e, 0xbb, 0x95, 0xff, 0x73, 0xbd, 0x95, 0xff,
    0x78, 0xbf, 0x95, 0xff, 0x7c, 0xc0, 0x95, 0xff, 0x81, 0xc2, 0x95, 0xff, 0x86, 0xc4, 0x95, 0xff,
    0x8b, 0xc6, 0x95, 0xff, 0x8f, 0xc8, 0x94, 0xff, 0x94, 0xca, 0x94, 0xff, 0x98, 0xcc, 0x94, 0xff,
    0x9d, 0xcd, 0x93, 0xff, 0xa2, 0xcf, 0x93, 0xff, 0xa6, 0xd1, 0x92, 0xff, 0xaa, 0xd3, 0x92, 0xff,
    0xaf, 0xd5, 0x91, 0xff, 0xb3, 0xd7, 0x90, 0xff, 0xb7, 0xd9, 0x90, 0xff, 0xbc, 0xda, 0x8f, 0xff,
    0xc0, 0xdc, 0x8e, 0xff, 0xc4, 0xde, 0x8e, 0xff, 0xc8, 0xe0, 0x8e, 0xff, 0xcc, 0xe2, 0x8e, 0xff,
    0xd0, 0xe4, 0x8e, 0xff, 0xd4, 0xe6, 0x8f, 0xff, 0xd8, 0xe7, 0x91, 0xff, 0xdb, 0xe9, 0x93, 0xff,
    0xde, 0xeb, 0x96, 0xff, 0xe2, 0xed, 0x99, 0xff, 0xe5, 0xef, 0x9c, 0xff, 0xe8, 0xf1, 0xa0, 0xff,
    0xeb, 0xf3, 0xa4, 0xff, 0xee, 0xf5, 0xa8, 0xff, 0xf1, 0xf7, 0xab, 0xff, 0xf4, 0xf9, 0xaf, 0xff,
    0xf7, 0xfb, 0xb3, 0xff, 0xfa, 0xfc, 0xb6, 0xff, 0xfd, 0xfd, 0xb8, 0xff, 0xfe, 0xfd, 0xb9, 0xff,
    0xfc, 0xfa, 0xb6, 0xff, 0xfb, 0xf7, 0xb3, 0xff, 0xfa, 0xf4, 0xaf, 0xff, 0xf9, 0xf1, 0xac, 0xff,
    0xf8, 0xee, 0xa7, 0xff, 0xf7, 0xeb, 0xa3, 0xff, 0xf6, 0xe8, 0x9f, 0xff, 0xf5, 0xe5, 0x9a, 0xff,
    0xf4, 0xe2, 0x96, 0xff, 0xf3, 0xdf, 0x91, 0xff, 0xf2, 0xdc, 0x8d, 0xff, 0xf1, 0xd9, 0x89, 0xff,
    0xf0, 0xd6, 0x85, 0xff, 0xf0, 0xd2, 0x81, 0xff, 0xef, 0xcf, 0x7d, 0xff, 0xef, 0xcc, 0x7a, 0xff,
    0xef, 0xc9, 0x76, 0xff, 0xee, 0xc5, 0x73, 0xff, 0xee, 0xc2, 0x70, 0xff, 0xee, 0xbe, 0x6d, 0xff,
    0xee, 0xbb, 0x6a, 0xff, 0xee, 0xb7, 0x67, 0xff, 0xee, 0xb4, 0x64, 0xff, 0xee, 0xb0, 0x61, 0xff,
    0xed, 0xac, 0x5e, 0xff, 0xed, 0xa9, 0x5b, 0xff, 0xed, 0xa5, 0x59, 0xff, 0xed, 0xa1, 0x56, 0xff,
    0xed, 0x9d, 0x54, 0xff, 0xed, 0x9a, 0x52, 0xff, 0xed, 0x96, 0x50, 0xff, 0xed, 0x92, 0x4e, 0xff,
    0xed, 0x8e, 0x4c, 0xff, 0xed, 0x8a, 0x4b, 0xff, 0xec, 0x86, 0x49, 0xff, 0xec, 0x82, 0x47, 0xff,
    0xec, 0x7d, 0x46, 0xff, 0xec, 0x79, 0x44, 0xff, 0xeb, 0x75, 0x43, 0xff, 0xeb, 0x71, 0x41, 0xff,
    0xea, 0x6d, 0x40, 0xff, 0xe9, 0x69, 0x3f, 0xff, 0xe8, 0x65, 0x3f, 0xff, 0xe6, 0x61, 0x3e, 0xff,
    0xe5, 0x5d, 0x3f, 0xff, 0xe3, 0x5a, 0x3f, 0xff, 0xe1, 0x56, 0x40, 0xff, 0xde, 0x53, 0x41, 0xff,
    0xdc, 0x4f, 0x41, 0xff, 0xda, 0x4c, 0x42, 0xff, 0xd8, 0x48, 0x43, 0xff, 0xd5, 0x45, 0x43, 0xff,
    0xd3, 0x41, 0x44, 0xff, 0xd1, 0x3e, 0x45, 0xff, 0xce, 0x3a, 0x45, 0xff, 0xcc, 0x37, 0x46, 0xff,
    0xc9, 0x33, 0x46, 0xff, 0xc6, 0x30, 0x46, 0xff, 0xc4, 0x2c, 0x46, 0xff, 0xc1, 0x29, 0x46, 0xff,
    0xbe, 0x25, 0x46, 0xff, 0xbb, 0x22, 0x46, 0xff, 0xb8, 0x1e, 0x46, 0xff, 0xb5, 0x1b, 0x46, 0xff,
    0xb1, 0x17, 0x45, 0xff, 0xae, 0x14, 0x45, 0xff, 0xab, 0x11, 0x45, 0xff, 0xa7, 0x0d, 0x45, 0xff,
    0xa4, 0x0a, 0x46, 0xff, 0xa0, 0x06, 0x48, 0xff, 0x9c, 0x02, 0x4a, 0xff, 0x9b, 0x03, 0x4e, 0xff,
    0x9d, 0x09, 0x53, 0xff, 0xa1, 0x11, 0x5a, 0xff, 0xa5, 0x16, 0x60, 0xff, 0xaa, 0x1a, 0x66, 0xff,
    0xaf, 0x1d, 0x6b, 0xff, 0xb4, 0x20, 0x70, 0xff, 0xb9, 0x23, 0x74, 0xff, 0xbe, 0x26, 0x79, 0xff,
    0xc4, 0x29, 0x7d, 0xff, 0xc8, 0x2d, 0x82, 0xff, 0xcd, 0x32, 0x86, 0xff, 0xd1, 0x37, 0x8b, 0xff,
    0xd4, 0x3c, 0x8f, 0xff, 0xd7, 0x43, 0x93, 0xff, 0xd9, 0x49, 0x98, 0xff, 0xdb, 0x50, 0x9c, 0xff,
    0xdc, 0x57, 0x9f, 0xff, 0xde, 0x5d, 0xa3, 0xff, 0xdf, 0x64, 0xa7, 0xff, 0xe0, 0x6b, 0xaa, 0xff,
    0xe1, 0x71, 0xad, 0xff, 0xe1, 0x77, 0xb1, 0xff, 0xe2, 0x7d, 0xb5, 0xff, 0xe2, 0x84, 0xb9, 0xff,
    0xe2, 0x8a, 0xbe, 0xff, 0xe1, 0x90, 0xc3, 0xff, 0xe0, 0x96, 0xc9, 0xff, 0xdc, 0x9a, 0xce, 0xff,
    0xd7, 0x9c, 0xd1, 0xff, 0xcc, 0x98, 0xce, 0xff, 0xc3, 0x93, 0xca, 0xff, 0xbb, 0x8e, 0xc7, 0xff,
    0xb5, 0x88, 0xc3, 0xff, 0xaf, 0x82, 0xbf, 0xff, 0xaa, 0x7b, 0xbb, 0xff, 0xa6, 0x75, 0xb6, 0xff,
    0xa2, 0x6e, 0xb2, 0xff, 0x9e, 0x67, 0xae, 0xff, 0x9a, 0x61, 0xaa, 0xff, 0x96, 0x5a, 0xa5, 0xff,
    0x92, 0x53, 0xa1, 0xff, 0x8e, 0x4c, 0x9c, 0xff, 0x8a, 0x46, 0x97, 0xff, 0x85, 0x3f, 0x92, 0xff,
    0x80, 0x39, 0x8d, 0xff, 0x7b, 0x33, 0x87, 0xff, 0x75, 0x2d, 0x82, 0xff, 0x6f, 0x28, 0x7c, 0xff,
    0x69, 0x23, 0x75, 0xff, 0x63, 0x1e, 0x6f, 0xff, 0x5d, 0x19, 0x69, 0xff, 0x57, 0x14, 0x63, 0xff,
    0x51, 0x0e, 0x5d, 0xff, 0x4b, 0x08, 0x57, 0xff, 0x46, 0x03, 0x51, 0xff, 0x40, 0x00, 0x4c, 0xff,
    // Row 5: cmweather SpectralExtended
    0x14, 0x10, 0x1a, 0xff, 0x14, 0x11, 0x1a, 0xff, 0x14, 0x11, 0x1b, 0xff, 0x15, 0x11, 0x1b, 0xff,
    0x15, 0x12, 0x1c, 0xff, 0x16, 0x13, 0x1d, 0xff, 0x17, 0x13, 0x1f, 0xff, 0x17, 0x14, 0x20, 0xff,
    0x18, 0x15, 0x21, 0xff, 0x19, 0x16, 0x23, 0xff, 0x1a, 0x17, 0x25, 0xff, 0x1c, 0x18, 0x27, 0xff,
    0x1d, 0x19, 0x29, 0xff, 0x1e, 0x1a, 0x2b, 0xff, 0x20, 0x1b, 0x2d, 0xff, 0x21, 0x1c, 0x30, 0xff,
    0x23, 0x1e, 0x32, 0xff, 0x24, 0x1f, 0x35, 0xff, 0x26, 0x20, 0x37, 0xff, 0x27, 0x22, 0x3a, 0xff,
    0x29, 0x23, 0x3d, 0xff, 0x2b, 0x24, 0x40, 0xff, 0x2c, 0x26, 0x43, 0xff, 0x2e, 0x27, 0x45, 0xff,
    0x30, 0x29, 0x48, 0xff, 0x31, 0x2a, 0x4b, 0xff, 0x33, 0x2b, 0x4e, 0xff, 0x35, 0x2d, 0x51, 0xff,
    0x37, 0x2e, 0x54, 0xff, 0x38, 0x30, 0x57, 0xff, 0x3a, 0x31, 0x5a, 0xff, 0x3c, 0x33, 0x5d, 0xff,
    0x3e, 0x34, 0x60, 0xff, 0x3f, 0x36, 0x63, 0xff, 0x41, 0x37, 0x67, 0xff, 0x43, 0x39, 0x6a, 0xff,
    0x45, 0x3b, 0x6d, 0xff, 0x46, 0x3c, 0x70, 0xff, 0x48, 0x3e, 0x73, 0xff, 0x4a, 0x3f, 0x76, 0xff,
    0x4b, 0x41, 0x79, 0xff, 0x4d, 0x43, 0x7c, 0xff, 0x4f, 0x44, 0x7f, 0xff, 0x50, 0x46, 0x83, 0xff,
    0x52, 0x48, 0x86, 0xff, 0x53, 0x4a, 0x89, 0xff, 0x54, 0x4b, 0x8c, 0xff, 0x56, 0x4d, 0x8e, 0xff,
    0x57, 0x4f, 0x91, 0xff, 0x58, 0x51, 0x94, 0xff, 0x59, 0x53, 0x97, 0xff, 0x59, 0x56, 0x9a, 0xff,
    0x5a, 0x58, 0x9c, 0xff, 0x5b, 0x5a, 0x9f, 0xff, 0x5b, 0x5c, 0xa1, 0xff, 0x5b, 0x5f, 0xa3, 0xff,
    0x5c, 0x61, 0xa5, 0xff, 0x5c, 0x63, 0xa7, 0xff, 0x5c, 0x66, 0xa9, 0xff, 0x5b, 0x69, 0xab, 0xff,
    0x5b, 0x6b, 0xac, 0xff, 0x5b, 0x6e, 0xae, 0xff, 0x5a, 0x71, 0xaf, 0xff, 0x5a, 0x73, 0xb0, 0xff,
    0x59, 0x76, 0xb1, 0xff, 0x58, 0x79, 0xb1, 0xff, 0x58, 0x7c, 0xb2, 0xff, 0x57, 0x7e, 0xb2, 0xff,
    0x57, 0x81, 0xb2, 0xff, 0x56, 0x84, 0xb2, 0xff, 0x56, 0x87, 0xb2, 0xff, 0x56, 0x8a, 0xb1, 0xff,
    0x56, 0x8c, 0xb1, 0xff, 0x56, 0x8f, 0xb0, 0xff, 0x56, 0x92, 0xaf, 0xff, 0x57, 0x94, 0xae, 0xff,
    0x58, 0x97, 0xad, 0xff, 0x59, 0x9a, 0xac, 0xff, 0x5a, 0x9c, 0xab, 0xff, 0x5b, 0x9f, 0xa9, 0xff,
    0x5d, 0xa1, 0xa8, 0xff, 0x5f, 0xa4, 0xa7, 0xff, 0x61, 0xa6, 0xa5, 0xff, 0x63, 0xa9, 0xa4, 0xff,
    0x66, 0xab, 0xa3, 0xff, 0x69, 0xad, 0xa1, 0xff, 0x6b, 0xb0, 0xa0, 0xff, 0x6e, 0xb2, 0x9f, 0xff,
    0x71, 0xb4, 0x9e, 0xff, 0x75, 0xb6, 0x9d, 0xff, 0x78, 0xb9, 0x9c, 0xff, 0x7c, 0xbb, 0x9b, 0xff,
    0x7f, 0xbd, 0x9a, 0xff, 0x83, 0xbf, 0x99, 0xff, 0x87, 0xc1, 0x98, 0xff, 0x8b, 0xc3, 0x97, 0xff,
    0x8e, 0xc5, 0x97, 0xff, 0x92, 0xc7, 0x96, 0xff, 0x96, 0xc9, 0x96, 0xff, 0x9a, 0xcb, 0x95, 0xff,
    0x9e, 0xcd, 0x95, 0xff, 0xa2, 0xcf, 0x95, 0xff, 0xa6, 0xd1, 0x95, 0xff, 0xaa, 0xd3, 0x95, 0xff,
    0xae, 0xd5, 0x95, 0xff, 0xb2, 0xd6, 0x95, 0xff, 0xb6, 0xd8, 0x95, 0xff, 0xba, 0xda, 0x96, 0xff,
    0xbd, 0xdc, 0x96, 0xff, 0xc1, 0xde, 0x97, 0xff, 0xc5, 0xdf, 0x97, 0xff, 0xc8, 0xe1, 0x98, 0xff,
    0xcc, 0xe3, 0x99, 0xff, 0xcf, 0xe4, 0x9a, 0xff, 0xd3, 0xe6, 0x9a, 0xff, 0xd6, 0xe7, 0x9b, 0xff,
    0xd9, 0xe8, 0x9c, 0xff, 0xdc, 0xea, 0x9e, 0xff, 0xdf, 0xeb, 0x9f, 0xff, 0xe2, 0xec, 0x9f, 0xff,
    0xe4, 0xed, 0xa0, 0xff, 0xe7, 0xee, 0xa1, 0xff, 0xe9, 0xee, 0xa2, 0xff, 0xeb, 0xef, 0xa2, 0xff,
    0xed, 0xef, 0xa3, 0xff, 0xef, 0xef, 0xa3, 0xff, 0xf1, 0xef, 0xa3, 0xff, 0xf3, 0xef, 0xa3, 0xff,
    0xf4, 0xee, 0xa3, 0xff, 0xf6, 0xee, 0xa2, 0xff, 0xf7, 0xed, 0xa1, 0xff, 0xf8, 0xec, 0xa0, 0xff,
    0xf9, 0xeb, 0x9f, 0xff, 0xfa, 0xe9, 0x9d, 0xff, 0xfa, 0xe8, 0x9c, 0xff, 0xfb, 0xe6, 0x9a, 0xff,
    0xfb, 0xe4, 0x98, 0xff, 0xfc, 0xe2, 0x96, 0xff, 0xfc, 0xe0, 0x93, 0xff, 0xfd, 0xde, 0x91, 0xff,
    0xfd, 0xdc, 0x8e, 0xff, 0xfd, 0xd9, 0x8c, 0xff, 0xfd, 0xd7, 0x89, 0xff, 0xfe, 0xd4, 0x87, 0xff,
    0xfe, 0xd1, 0x84, 0xff, 0xfe, 0xce, 0x81, 0xff, 0xfe, 0xcc, 0x7f, 0xff, 0xfe, 0xc9, 0x7c, 0xff,
    0xfe, 0xc6, 0x79, 0xff, 0xfe, 0xc3, 0x77, 0xff, 0xff, 0xbf, 0x75, 0xff, 0xff, 0xbc, 0x72, 0xff,
    0xff, 0xb9, 0x70, 0xff, 0xff, 0xb6, 0x6e, 0xff, 0xff, 0xb3, 0x6c, 0xff, 0xff, 0xaf, 0x6a, 0xff,
    0xff, 0xac, 0x68, 0xff, 0xff, 0xa9, 0x66, 0xff, 0xff, 0xa5, 0x64, 0xff, 0xff, 0xa2, 0x63, 0xff,
    0xff, 0x9f, 0x61, 0xff, 0xfe, 0x9b, 0x60, 0xff, 0xfe, 0x98, 0x5e, 0xff, 0xfe, 0x95, 0x5d, 0xff,
    0xfe, 0x91, 0x5c, 0xff, 0xfd, 0x8e, 0x5b, 0xff, 0xfd, 0x8a, 0x5b, 0xff, 0xfc, 0x87, 0x5a, 0xff,
    0xfb, 0x84, 0x59, 0xff, 0xfa, 0x80, 0x59, 0xff, 0xf9, 0x7d, 0x59, 0xff, 0xf8, 0x7a, 0x58, 0xff,
    0xf7, 0x77, 0x58, 0xff, 0xf6, 0x73, 0x58, 0xff, 0xf5, 0x70, 0x58, 0xff, 0xf3, 0x6d, 0x58, 0xff,
    0xf2, 0x6a, 0x59, 0xff, 0xf0, 0x67, 0x59, 0xff, 0xef, 0x64, 0x59, 0xff, 0xed, 0x61, 0x5a, 0xff,
    0xeb, 0x5e, 0x5a, 0xff, 0xe9, 0x5b, 0x5a, 0xff, 0xe7, 0x58, 0x5b, 0xff, 0xe5, 0x56, 0x5b, 0xff,
    0xe3, 0x53, 0x5c, 0xff, 0xe1, 0x50, 0x5c, 0xff, 0xde, 0x4d, 0x5d, 0xff, 0xdc, 0x4b, 0x5d, 0xff,
    0xda, 0x48, 0x5e, 0xff, 0xd7, 0x46, 0x5e, 0xff, 0xd5, 0x43, 0x5f, 0xff, 0xd2, 0x40, 0x60, 0xff,
    0xd0, 0x3e, 0x60, 0xff, 0xcd, 0x3b, 0x61, 0xff, 0xca, 0x39, 0x61, 0xff, 0xc8, 0x36, 0x61, 0xff,
    0xc5, 0x34, 0x62, 0xff, 0xc3, 0x31, 0x62, 0xff, 0xc0, 0x2f, 0x62, 0xff, 0xbd, 0x2c, 0x63, 0xff,
    0xba, 0x2a, 0x63, 0xff, 0xb8, 0x27, 0x63, 0xff, 0xb5, 0x25, 0x63, 0xff, 0xb2, 0x22, 0x63, 0xff,
    0xaf, 0x20, 0x63, 0xff, 0xac, 0x1d, 0x63, 0xff, 0xa9, 0x1b, 0x62, 0xff, 0xa6, 0x19, 0x62, 0xff,
    0xa3, 0x17, 0x61, 0xff, 0xa0, 0x15, 0x61, 0xff, 0x9d, 0x14, 0x60, 0xff, 0x9a, 0x12, 0x5f, 0xff,
    0x96, 0x11, 0x5f, 0xff, 0x93, 0x10, 0x5e, 0xff, 0x8f, 0x10, 0x5d, 0xff, 0x8c, 0x10, 0x5c, 0xff,
    0x88, 0x10, 0x5b, 0xff, 0x85, 0x10, 0x5a, 0xff, 0x81, 0x10, 0x59, 0xff, 0x7d, 0x10, 0x58, 0xff,
    0x79, 0x10, 0x57, 0xff, 0x75, 0x11, 0x56, 0xff, 0x72, 0x11, 0x55, 0xff, 0x6e, 0x11, 0x54, 0xff,
    0x6a, 0x11, 0x53, 0xff, 0x67, 0x11, 0x52, 0xff, 0x63, 0x11, 0x52, 0xff, 0x60, 0x10, 0x51, 0xff,
    0x5c, 0x10, 0x50, 0xff, 0x59, 0x0f, 0x4f, 0xff, 0x56, 0x0e, 0x4e, 0xff, 0x53, 0x0d, 0x4e, 0xff,
    0x50, 0x0b, 0x4d, 0xff, 0x4d, 0x0a, 0x4c, 0xff, 0x4a, 0x08, 0x4b, 0xff, 0x48, 0x06, 0x4b, 0xff,
    0x45, 0x05, 0x4a, 0xff, 0x43, 0x03, 0x49, 0xff, 0x41, 0x01, 0x48, 0xff, 0x3f, 0x00, 0x47, 0xff,
    0x3d, 0x00, 0x46, 0xff, 0x3b, 0x00, 0x45, 0xff, 0x3a, 0x00, 0x45, 0xff, 0x38, 0x00, 0x44, 0xff,
    0x37, 0x00, 0x43, 0xff, 0x35, 0x00, 0x42, 0xff, 0x34, 0x00, 0x41, 0xff, 0x33, 0x00, 0x40, 0xff,
    0x32, 0x00, 0x3f, 0xff, 0x31, 0x00, 0x3f, 0xff, 0x30, 0x00, 0x3e, 0xff, 0x30, 0x00, 0x3d, 0xff,
    0x2f, 0x00, 0x3d, 0xff, 0x2f, 0x00, 0x3c, 0xff, 0x2e, 0x00, 0x3c, 0xff, 0x2e, 0x00, 0x3c, 0xff,
    // Row 6: cmweather plasmidis
    0x44, 0x01, 0x54, 0xff, 0x44, 0x02, 0x55, 0xff, 0x44, 0x03, 0x56, 0xff, 0x44, 0x04, 0x57, 0xff,
    0x45, 0x06, 0x59, 0xff, 0x45, 0x07, 0x5b, 0xff, 0x46, 0x09, 0x5c, 0xff, 0x46, 0x0a, 0x5d, 0xff,
    0x46, 0x0b, 0x5e, 0xff, 0x46, 0x0d, 0x60, 0xff, 0x47, 0x0f, 0x62, 0xff, 0x47, 0x10, 0x63, 0xff,
    0x47, 0x11, 0x64, 0xff, 0x47, 0x12, 0x65, 0xff, 0x47, 0x14, 0x66, 0xff, 0x47, 0x16, 0x68, 0xff,
    0x47, 0x17, 0x6a, 0xff, 0x48, 0x19, 0x6b, 0xff, 0x48, 0x1b, 0x6d, 0xff, 0x48, 0x1c, 0x6e, 0xff,
    0x48, 0x1e, 0x6f, 0xff, 0x48, 0x1f, 0x70, 0xff, 0x48, 0x20, 0x72, 0xff, 0x48, 0x22, 0x73, 0xff,
    0x48, 0x23, 0x74, 0xff, 0x48, 0x24, 0x75, 0xff, 0x47, 0x25, 0x75, 0xff, 0x47, 0x27, 0x77, 0xff,
    0x47, 0x28, 0x78, 0xff, 0x47, 0x29, 0x79, 0xff, 0x47, 0x2b, 0x7a, 0xff, 0x47, 0x2c, 0x7b, 0xff,
    0x46, 0x2d, 0x7c, 0xff, 0x46, 0x2f, 0x7c, 0xff, 0x46, 0x30, 0x7d, 0xff, 0x46, 0x32, 0x7e, 0xff,
    0x45, 0x34, 0x7f, 0xff, 0x45, 0x34, 0x80, 0xff, 0x45, 0x35, 0x80, 0xff, 0x44, 0x36, 0x81, 0xff,
    0x44, 0x38, 0x82, 0xff, 0x44, 0x39, 0x82, 0xff, 0x43, 0x3a, 0x83, 0xff, 0x43, 0x3b, 0x83, 0xff,
    0x43, 0x3c, 0x84, 0xff, 0x42, 0x3e, 0x85, 0xff, 0x42, 0x3f, 0x85, 0xff, 0x41, 0x41, 0x86, 0xff,
    0x41, 0x42, 0x86, 0xff, 0x40, 0x43, 0x87, 0xff, 0x40, 0x44, 0x87, 0xff, 0x40, 0x45, 0x87, 0xff,
    0x3f, 0x46, 0x88, 0xff, 0x3e, 0x48, 0x88, 0xff, 0x3e, 0x49, 0x89, 0xff, 0x3d, 0x4a, 0x89, 0xff,
    0x3d, 0x4c, 0x89, 0xff, 0x3c, 0x4d, 0x8a, 0xff, 0x3c, 0x4e, 0x8a, 0xff, 0x3b, 0x4f, 0x8a, 0xff,
    0x3b, 0x50, 0x8a, 0xff, 0x3a, 0x52, 0x8b, 0xff, 0x3a, 0x53, 0x8b, 0xff, 0x39, 0x54, 0x8b, 0xff,
    0x39, 0x55, 0x8b, 0xff, 0x38, 0x56, 0x8b, 0xff, 0x38, 0x57, 0x8c, 0xff, 0x37, 0x58, 0x8c, 0xff,
    0x37, 0x59, 0x8c, 0xff, 0x36, 0x5a, 0x8c, 0xff, 0x36, 0x5b, 0x8c, 0xff, 0x35, 0x5d, 0x8c, 0xff,
    0x34, 0x5e, 0x8d, 0xff, 0x34, 0x5f, 0x8d, 0xff, 0x34, 0x60, 0x8d, 0xff, 0x33, 0x61, 0x8d, 0xff,
    0x33, 0x62, 0x8d, 0xff, 0x32, 0x63, 0x8d, 0xff, 0x32, 0x64, 0x8d, 0xff, 0x31, 0x65, 0x8d, 0xff,
    0x30, 0x66, 0x8d, 0xff, 0x30, 0x67, 0x8d, 0xff, 0x30, 0x68, 0x8d, 0xff, 0x2f, 0x69, 0x8d, 0xff,
    0x2f, 0x6a, 0x8d, 0xff, 0x2e, 0x6b, 0x8e, 0xff, 0x2e, 0x6c, 0x8e, 0xff, 0x2e, 0x6d, 0x8e, 0xff,
    0x2d, 0x6e, 0x8e, 0xff, 0x2d, 0x6f, 0x8e, 0xff, 0x2c, 0x70, 0x8e, 0xff, 0x2c, 0x72, 0x8e, 0xff,
    0x2b, 0x73, 0x8e, 0xff, 0x2b, 0x74, 0x8e, 0xff, 0x2a, 0x75, 0x8e, 0xff, 0x2a, 0x76, 0x8e, 0xff,
    0x2a, 0x77, 0x8e, 0xff, 0x29, 0x78, 0x8e, 0xff, 0x29, 0x79, 0x8e, 0xff, 0x29, 0x79, 0x8e, 0xff,
    0x28, 0x7a, 0x8e, 0xff, 0x28, 0x7b, 0x8e, 0xff, 0x27, 0x7c, 0x8e, 0xff, 0x27, 0x7d, 0x8e, 0xff,
    0x27, 0x7e, 0x8e, 0xff, 0x26, 0x80, 0x8e, 0xff, 0x26, 0x81, 0x8e, 0xff, 0x25, 0x82, 0x8e, 0xff,
    0x25, 0x83, 0x8d, 0xff, 0x24, 0x84, 0x8d, 0xff, 0x24, 0x85, 0x8d, 0xff, 0x24, 0x86, 0x8d, 0xff,
    0x23, 0x87, 0x8d, 0xff, 0x23, 0x87, 0x8d, 0xff, 0x23, 0x88, 0x8d, 0xff, 0x22, 0x89, 0x8d, 0xff,
    0x22, 0x8b, 0x8d, 0xff, 0x22, 0x8b, 0x8d, 0xff, 0x21, 0x8c, 0x8d, 0xff, 0x21, 0x8d, 0x8c, 0xff,
    0x21, 0x8e, 0x8c, 0xff, 0x20, 0x8f, 0x8c, 0xff, 0x20, 0x90, 0x8c, 0xff, 0x20, 0x92, 0x8c, 0xff,
    0x1f, 0x93, 0x8b, 0xff, 0x1f, 0x94, 0x8b, 0xff, 0x1f, 0x94, 0x8b, 0xff, 0x1f, 0x95, 0x8b, 0xff,
    0x1e, 0x97, 0x8a, 0xff, 0x1e, 0x98, 0x8a, 0xff, 0x1e, 0x98, 0x8a, 0xff, 0x1e, 0x99, 0x8a, 0xff,
    0x1e, 0x9a, 0x89, 0xff, 0x1e, 0x9b, 0x89, 0xff, 0x1e, 0x9c, 0x89, 0xff, 0x1e, 0x9d, 0x88, 0xff,
    0x1e, 0x9f, 0x88, 0xff, 0x1e, 0xa0, 0x87, 0xff, 0x1f, 0xa0, 0x87, 0xff, 0x1f, 0xa1, 0x87, 0xff,
    0x1f, 0xa2, 0x86, 0xff, 0x20, 0xa3, 0x86, 0xff, 0x20, 0xa4, 0x85, 0xff, 0x21, 0xa5, 0x85, 0xff,
    0x21, 0xa6, 0x84, 0xff, 0x22, 0xa7, 0x84, 0xff, 0x23, 0xa8, 0x83, 0xff, 0x23, 0xa9, 0x82, 0xff,
    0x24, 0xaa, 0x82, 0xff, 0x25, 0xab, 0x81, 0xff, 0x26, 0xac, 0x81, 0xff, 0x27, 0xad, 0x80, 0xff,
    0x28, 0xae, 0x7f, 0xff, 0x29, 0xaf, 0x7f, 0xff, 0x2b, 0xb0, 0x7e, 0xff, 0x2c, 0xb1, 0x7d, 0xff,
    0x2d, 0xb2, 0x7d, 0xff, 0x2e, 0xb2, 0x7c, 0xff, 0x2f, 0xb4, 0x7b, 0xff, 0x31, 0xb5, 0x7a, 0xff,
    0x33, 0xb6, 0x79, 0xff, 0x34, 0xb7, 0x78, 0xff, 0x36, 0xb7, 0x77, 0xff, 0x37, 0xb8, 0x77, 0xff,
    0x39, 0xb9, 0x75, 0xff, 0x3b, 0xba, 0x74, 0xff, 0x3d, 0xbb, 0x73, 0xff, 0x3f, 0xbc, 0x72, 0xff,
    0x41, 0xbd, 0x71, 0xff, 0x42, 0xbe, 0x71, 0xff, 0x44, 0xbe, 0x70, 0xff, 0x46, 0xbf, 0x6f, 0xff,
    0x48, 0xc0, 0x6d, 0xff, 0x4a, 0xc1, 0x6c, 0xff, 0x4c, 0xc2, 0x6b, 0xff, 0x4e, 0xc3, 0x6a, 0xff,
    0x51, 0xc4, 0x69, 0xff, 0x53, 0xc5, 0x67, 0xff, 0x56, 0xc6, 0x66, 0xff, 0x58, 0xc7, 0x64, 0xff,
    0x5b, 0xc8, 0x63, 0xff, 0x5d, 0xc8, 0x62, 0xff, 0x5e, 0xc9, 0x61, 0xff, 0x60, 0xca, 0x60, 0xff,
    0x63, 0xca, 0x5e, 0xff, 0x65, 0xcb, 0x5d, 0xff, 0x67, 0xcc, 0x5b, 0xff, 0x69, 0xcc, 0x5a, 0xff,
    0x6b, 0xcd, 0x59, 0xff, 0x6e, 0xce, 0x58, 0xff, 0x71, 0xcf, 0x56, 0xff, 0x73, 0xcf, 0x54, 0xff,
    0x75, 0xd0, 0x53, 0xff, 0x77, 0xd0, 0x52, 0xff, 0x7a, 0xd1, 0x50, 0xff, 0x7e, 0xd2, 0x4e, 0xff,
    0x81, 0xd3, 0x4c, 0xff, 0x84, 0xd4, 0x4a, 0xff, 0x87, 0xd4, 0x48, 0xff, 0x89, 0xd5, 0x47, 0xff,
    0x8b, 0xd5, 0x45, 0xff, 0x8d, 0xd6, 0x44, 0xff, 0x90, 0xd6, 0x42, 0xff, 0x93, 0xd7, 0x40, 0xff,
    0x96, 0xd8, 0x3f, 0xff, 0x98, 0xd8, 0x3d, 0xff, 0x9a, 0xd8, 0x3c, 0xff, 0x9d, 0xd9, 0x3a, 0xff,
    0xa0, 0xda, 0x38, 0xff, 0xa3, 0xda, 0x36, 0xff, 0xa7, 0xdb, 0x33, 0xff, 0xab, 0xdb, 0x31, 0xff,
    0xad, 0xdc, 0x2f, 0xff, 0xb0, 0xdc, 0x2e, 0xff, 0xb3, 0xdd, 0x2c, 0xff, 0xb6, 0xdd, 0x2a, 0xff,
    0xb9, 0xde, 0x28, 0xff, 0xbb, 0xde, 0x26, 0xff, 0xbd, 0xde, 0x25, 0xff, 0xbf, 0xdf, 0x24, 0xff,
    0xc3, 0xdf, 0x22, 0xff, 0xc6, 0xdf, 0x20, 0xff, 0xc8, 0xe0, 0x1f, 0xff, 0xca, 0xe0, 0x1e, 0xff,
    0xcc, 0xe0, 0x1d, 0xff, 0xd0, 0xe1, 0x1c, 0xff, 0xd3, 0xe1, 0x1a, 0xff, 0xd7, 0xe2, 0x19, 0xff,
    0xda, 0xe2, 0x19, 0xff, 0xde, 0xe3, 0x18, 0xff, 0xe0, 0xe3, 0x18, 0xff, 0xe2, 0xe3, 0x18, 0xff,
    0xe4, 0xe3, 0x18, 0xff, 0xe7, 0xe4, 0x19, 0xff, 0xea, 0xe4, 0x1a, 0xff, 0xed, 0xe4, 0x1b, 0xff,
    0xef, 0xe5, 0x1b, 0xff, 0xf1, 0xe5, 0x1c, 0xff, 0xf4, 0xe5, 0x1e, 0xff, 0xf6, 0xe6, 0x20, 0xff,
    0xf8, 0xe3, 0x21, 0xff, 0xf9, 0xdd, 0x22, 0xff, 0xfa, 0xd7, 0x24, 0xff, 0xfb, 0xc7, 0x29, 0xff,
    0xfc, 0xb6, 0x2f, 0xff, 0xfa, 0xa3, 0x38, 0xff, 0xf2, 0x8d, 0x46, 0xff, 0xea, 0x76, 0x54, 0xff,
    0xe2, 0x67, 0x5f, 0xff, 0xd9, 0x5a, 0x69, 0xff, 0xcf, 0x4c, 0x73, 0xff, 0xbe, 0x3a, 0x82, 0xff,
    0xac, 0x27, 0x91, 0xff, 0x9c, 0x18, 0x9b, 0xff, 0x8c, 0x0d, 0xa1, 0xff, 0x7c, 0x02, 0xa7, 0xff,
    // Row 7: cmweather bgyp
    0x02, 0x4c, 0x81, 0xff, 0x03, 0x4d, 0x80, 0xff, 0x03, 0x4d, 0x7f, 0xff, 0x04, 0x4d, 0x7f, 0xff,
    0x05, 0x4e, 0x7e, 0xff, 0x05, 0x4e, 0x7d, 0xff, 0x06, 0x4e, 0x7d, 0xff, 0x06, 0x4f, 0x7c, 0xff,
    0x07, 0x4f, 0x7b, 0xff, 0x08, 0x50, 0x7b, 0xff, 0x08, 0x50, 0x7a, 0xff, 0x09, 0x50, 0x79, 0xff,
    0x09, 0x51, 0x79, 0xff, 0x0a, 0x51, 0x78, 0xff, 0x0b, 0x51, 0x77, 0xff, 0x0b, 0x52, 0x77, 0xff,
    0x0c, 0x52, 0x76, 0xff, 0x0d, 0x52, 0x75, 0xff, 0x0d, 0x53, 0x75, 0xff, 0x0e, 0x53, 0x74, 0xff,
    0x0e, 0x53, 0x73, 0xff, 0x0f, 0x54, 0x73, 0xff, 0x10, 0x54, 0x72, 0xff, 0x10, 0x54, 0x71, 0xff,
    0x11, 0x55, 0x71, 0xff, 0x11, 0x55, 0x70, 0xff, 0x12, 0x55, 0x6f, 0xff, 0x13, 0x56, 0x6f, 0xff,
    0x13, 0x56, 0x6e, 0xff, 0x14, 0x57, 0x6d, 0xff, 0x14, 0x57, 0x6c, 0xff, 0x15, 0x57, 0x6c, 0xff,
    0x16, 0x58, 0x6b, 0xff, 0x16, 0x58, 0x6a, 0xff, 0x17, 0x58, 0x6a, 0xff, 0x18, 0x59, 0x69, 0xff,
    0x18, 0x59, 0x68, 0xff, 0x19, 0x59, 0x68, 0xff, 0x19, 0x5a, 0x67, 0xff, 0x1a, 0x5a, 0x66, 0xff,
    0x1b, 0x5a, 0x66, 0xff, 0x1b, 0x5b, 0x65, 0xff, 0x1c, 0x5b, 0x64, 0xff, 0x1c, 0x5b, 0x64, 0xff,
    0x1d, 0x5c, 0x63, 0xff, 0x1e, 0x5c, 0x62, 0xff, 0x1e, 0x5c, 0x62, 0xff, 0x1f, 0x5d, 0x61, 0xff,
    0x20, 0x5d, 0x60, 0xff, 0x20, 0x5e, 0x60, 0xff, 0x21, 0x5e, 0x5f, 0xff, 0x21, 0x5e, 0x5e, 0xff,
    0x22, 0x5f, 0x5e, 0xff, 0x23, 0x5f, 0x5d, 0xff, 0x23, 0x5f, 0x5c, 0xff, 0x24, 0x60, 0x5c, 0xff,
    0x24, 0x60, 0x5b, 0xff, 0x25, 0x60, 0x5a, 0xff, 0x26, 0x61, 0x5a, 0xff, 0x26, 0x61, 0x59, 0xff,
    0x27, 0x61, 0x58, 0xff, 0x27, 0x62, 0x58, 0xff, 0x28, 0x62, 0x57, 0xff, 0x29, 0x62, 0x56, 0xff,
    0x29, 0x63, 0x56, 0xff, 0x2a, 0x63, 0x55, 0xff, 0x2b, 0x63, 0x54, 0xff, 0x2b, 0x64, 0x53, 0xff,
    0x2c, 0x64, 0x53, 0xff, 0x2c, 0x65, 0x52, 0xff, 0x2d, 0x65, 0x51, 0xff, 0x2e, 0x65, 0x51, 0xff,
    0x2e, 0x66, 0x50, 0xff, 0x2f, 0x66, 0x4f, 0xff, 0x2f, 0x66, 0x4f, 0xff, 0x30, 0x67, 0x4e, 0xff,
    0x31, 0x67, 0x4d, 0xff, 0x31, 0x67, 0x4d, 0xff, 0x32, 0x68, 0x4c, 0xff, 0x33, 0x68, 0x4b, 0xff,
    0x33, 0x68, 0x4b, 0xff, 0x34, 0x69, 0x4a, 0xff, 0x34, 0x69, 0x49, 0xff, 0x35, 0x69, 0x49, 0xff,
    0x36, 0x6a, 0x48, 0xff, 0x36, 0x6a, 0x47, 0xff, 0x37, 0x6a, 0x47, 0xff, 0x37, 0x6b, 0x46, 0xff,
    0x38, 0x6b, 0x45, 0xff, 0x39, 0x6b, 0x45, 0xff, 0x39, 0x6c, 0x44, 0xff, 0x3a, 0x6c, 0x43, 0xff,
    0x3b, 0x6d, 0x43, 0xff, 0x3b, 0x6d, 0x42, 0xff, 0x3c, 0x6d, 0x41, 0xff, 0x3c, 0x6e, 0x41, 0xff,
    0x3d, 0x6e, 0x40, 0xff, 0x3e, 0x6e, 0x3f, 0xff, 0x3e, 0x6f, 0x3f, 0xff, 0x3f, 0x6f, 0x3e, 0xff,
    0x3f, 0x6f, 0x3d, 0xff, 0x40, 0x70, 0x3d, 0xff, 0x41, 0x70, 0x3c, 0xff, 0x41, 0x70, 0x3b, 0xff,
    0x42, 0x71, 0x3b, 0xff, 0x42, 0x71, 0x3a, 0xff, 0x43, 0x71, 0x39, 0xff, 0x44, 0x72, 0x38, 0xff,
    0x44, 0x72, 0x38, 0xff, 0x45, 0x72, 0x37, 0xff, 0x46, 0x73, 0x36, 0xff, 0x46, 0x73, 0x36, 0xff,
    0x47, 0x74, 0x35, 0xff, 0x47, 0x74, 0x34, 0xff, 0x48, 0x74, 0x34, 0xff, 0x49, 0x75, 0x33, 0xff,
    0x49, 0x75, 0x32, 0xff, 0x4a, 0x75, 0x32, 0xff, 0x4a, 0x76, 0x31, 0xff, 0x4b, 0x76, 0x30, 0xff,
    0x4c, 0x76, 0x30, 0xff, 0x4c, 0x77, 0x2f, 0xff, 0x4d, 0x77, 0x2e, 0xff, 0x4e, 0x77, 0x2e, 0xff,
    0x4e, 0x78, 0x2d, 0xff, 0x4f, 0x78, 0x2c, 0xff, 0x4f, 0x78, 0x2c, 0xff, 0x50, 0x79, 0x2b, 0xff,
    0x51, 0x79, 0x2b, 0xff, 0x52, 0x79, 0x2b, 0xff, 0x53, 0x79, 0x2a, 0xff, 0x54, 0x79, 0x2a, 0xff,
    0x55, 0x7a, 0x29, 0xff, 0x56, 0x7a, 0x29, 0xff, 0x57, 0x7a, 0x29, 0xff, 0x58, 0x7a, 0x28, 0xff,
    0x59, 0x7a, 0x28, 0xff, 0x5a, 0x7b, 0x28, 0xff, 0x5b, 0x7b, 0x27, 0xff, 0x5c, 0x7b, 0x27, 0xff,
    0x5c, 0x7b, 0x27, 0xff, 0x5d, 0x7c, 0x26, 0xff, 0x5e, 0x7c, 0x26, 0xff, 0x5f, 0x7c, 0x26, 0xff,
    0x60, 0x7c, 0x25, 0xff, 0x61, 0x7c, 0x25, 0xff, 0x62, 0x7d, 0x25, 0xff, 0x63, 0x7d, 0x24, 0xff,
    0x64, 0x7d, 0x24, 0xff, 0x65, 0x7d, 0x24, 0xff, 0x66, 0x7d, 0x23, 0xff, 0x67, 0x7e, 0x23, 0xff,
    0x68, 0x7e, 0x22, 0xff, 0x69, 0x7e, 0x22, 0xff, 0x6a, 0x7e, 0x22, 0xff, 0x6b, 0x7e, 0x21, 0xff,
    0x6c, 0x7f, 0x21, 0xff, 0x6c, 0x7f, 0x21, 0xff, 0x6d, 0x7f, 0x20, 0xff, 0x6e, 0x7f, 0x20, 0xff,
    0x6f, 0x7f, 0x20, 0xff, 0x70, 0x80, 0x1f, 0xff, 0x71, 0x80, 0x1f, 0xff, 0x72, 0x80, 0x1f, 0xff,
    0x73, 0x80, 0x1e, 0xff, 0x74, 0x80, 0x1e, 0xff, 0x75, 0x81, 0x1e, 0xff, 0x76, 0x81, 0x1d, 0xff,
    0x77, 0x81, 0x1d, 0xff, 0x78, 0x81, 0x1d, 0xff, 0x79, 0x81, 0x1c, 0xff, 0x7a, 0x82, 0x1c, 0xff,
    0x7b, 0x82, 0x1c, 0xff, 0x7c, 0x82, 0x1b, 0xff, 0x7c, 0x82, 0x1b, 0xff, 0x7d, 0x82, 0x1a, 0xff,
    0x7e, 0x83, 0x1a, 0xff, 0x7f, 0x83, 0x1a, 0xff, 0x80, 0x83, 0x19, 0xff, 0x81, 0x83, 0x19, 0xff,
    0x82, 0x83, 0x19, 0xff, 0x83, 0x84, 0x18, 0xff, 0x84, 0x84, 0x18, 0xff, 0x85, 0x84, 0x18, 0xff,
    0x86, 0x84, 0x17, 0xff, 0x87, 0x84, 0x17, 0xff, 0x88, 0x85, 0x17, 0xff, 0x89, 0x85, 0x16, 0xff,
    0x8a, 0x85, 0x16, 0xff, 0x8b, 0x85, 0x16, 0xff, 0x8c, 0x86, 0x15, 0xff, 0x8c, 0x86, 0x15, 0xff,
    0x8d, 0x86, 0x15, 0xff, 0x8e, 0x86, 0x14, 0xff, 0x8f, 0x86, 0x14, 0xff, 0x90, 0x87, 0x13, 0xff,
    0x91, 0x87, 0x13, 0xff, 0x92, 0x87, 0x13, 0xff, 0x93, 0x87, 0x12, 0xff, 0x94, 0x87, 0x12, 0xff,
    0x95, 0x88, 0x12, 0xff, 0x96, 0x88, 0x11, 0xff, 0x97, 0x88, 0x11, 0xff, 0x98, 0x88, 0x11, 0xff,
    0x99, 0x88, 0x10, 0xff, 0x9a, 0x89, 0x10, 0xff, 0x9b, 0x89, 0x10, 0xff, 0x9c, 0x89, 0x0f, 0xff,
    0x9d, 0x89, 0x0f, 0xff, 0x9d, 0x89, 0x0f, 0xff, 0x9e, 0x8a, 0x0e, 0xff, 0x9f, 0x8a, 0x0e, 0xff,
    0xa0, 0x8a, 0x0e, 0xff, 0xa1, 0x8a, 0x0d, 0xff, 0xa2, 0x8a, 0x0d, 0xff, 0xa3, 0x8b, 0x0c, 0xff,
    0xa4, 0x8b, 0x0c, 0xff, 0xa5, 0x8b, 0x0c, 0xff, 0xa6, 0x8b, 0x0b, 0xff, 0xa7, 0x8b, 0x0b, 0xff,
    0xa8, 0x8c, 0x0b, 0xff, 0xa9, 0x8c, 0x0a, 0xff, 0xaa, 0x8c, 0x0a, 0xff, 0xab, 0x8c, 0x0a, 0xff,
    0xac, 0x8c, 0x09, 0xff, 0xad, 0x8d, 0x09, 0xff, 0xad, 0x8d, 0x09, 0xff, 0xae, 0x8d, 0x08, 0xff,
    0xaf, 0x8d, 0x08, 0xff, 0xb0, 0x8d, 0x08, 0xff, 0xb3, 0x8e, 0x0f, 0xff, 0xb6, 0x8e, 0x18, 0xff,
    0xb9, 0x8e, 0x22, 0xff, 0xbb, 0x8f, 0x2b, 0xff, 0xbe, 0x8f, 0x35, 0xff, 0xc1, 0x8f, 0x3e, 0xff,
    0xc4, 0x8f, 0x48, 0xff, 0xc7, 0x90, 0x51, 0xff, 0xca, 0x90, 0x5b, 0xff, 0xcd, 0x90, 0x64, 0xff,
    0xd0, 0x90, 0x6e, 0xff, 0xd3, 0x91, 0x77, 0xff, 0xd6, 0x91, 0x81, 0xff, 0xd9, 0x91, 0x8a, 0xff,
    0xdb, 0x92, 0x94, 0xff, 0xde, 0x92, 0x9d, 0xff, 0xe1, 0x92, 0xa7, 0xff, 0xe4, 0x92, 0xb0, 0xff,
    0xe7, 0x93, 0xba, 0xff, 0xea, 0x93, 0xc3, 0xff, 0xed, 0x93, 0xcd, 0xff, 0xf0, 0x93, 0xd6, 0xff,
    0xf3, 0x94, 0xe0, 0xff, 0xf6, 0x94, 0xe9, 0xff, 0xf9, 0x94, 0xf3, 0xff, 0xfc, 0x95, 0xfd, 0xff,
    // Row 8: cmweather turbone
    0x00, 0x00, 0x00, 0xff, 0x01, 0x01, 0x01, 0xff, 0x02, 0x02, 0x02, 0xff, 0x03, 0x03, 0x04, 0xff,
    0x05, 0x05, 0x06, 0xff, 0x06, 0x06, 0x09, 0xff, 0x07, 0x07, 0x0b, 0xff, 0x09, 0x09, 0x0c, 0xff,
    0x0a, 0x0a, 0x0e, 0xff, 0x0c, 0x0c, 0x11, 0xff, 0x0e, 0x0e, 0x13, 0xff, 0x0f, 0x0f, 0x15, 0xff,
    0x10, 0x10, 0x17, 0xff, 0x12, 0x12, 0x19, 0xff, 0x13, 0x13, 0x1b, 0xff, 0x15, 0x15, 0x1e, 0xff,
    0x17, 0x17, 0x20, 0xff, 0x19, 0x19, 0x23, 0xff, 0x1b, 0x1b, 0x25, 0xff, 0x1c, 0x1c, 0x27, 0xff,
    0x1d, 0x1d, 0x28, 0xff, 0x1e, 0x1e, 0x2a, 0xff, 0x20, 0x20, 0x2d, 0xff, 0x22, 0x22, 0x30, 0xff,
    0x23, 0x23, 0x32, 0xff, 0x25, 0x25, 0x33, 0xff, 0x26, 0x26, 0x35, 0xff, 0x28, 0x28, 0x37, 0xff,
    0x2a, 0x2a, 0x3a, 0xff, 0x2b, 0x2b, 0x3d, 0xff, 0x2d, 0x2d, 0x3f, 0xff, 0x2f, 0x2f, 0x41, 0xff,
    0x30, 0x30, 0x43, 0xff, 0x31, 0x31, 0x45, 0xff, 0x33, 0x33, 0x47, 0xff, 0x35, 0x35, 0x49, 0xff,
    0x36, 0x36, 0x4c, 0xff, 0x38, 0x38, 0x4d, 0xff, 0x39, 0x39, 0x4f, 0xff, 0x3a, 0x3a, 0x51, 0xff,
    0x3c, 0x3c, 0x54, 0xff, 0x3e, 0x3e, 0x56, 0xff, 0x3f, 0x3f, 0x58, 0xff, 0x40, 0x40, 0x5a, 0xff,
    0x42, 0x42, 0x5c, 0xff, 0x43, 0x43, 0x5e, 0xff, 0x45, 0x45, 0x60, 0xff, 0x47, 0x47, 0x63, 0xff,
    0x49, 0x49, 0x66, 0xff, 0x4b, 0x4b, 0x68, 0xff, 0x4c, 0x4c, 0x6a, 0xff, 0x4d, 0x4d, 0x6b, 0xff,
    0x4b, 0x4d, 0x7a, 0xff, 0x47, 0x4d, 0x97, 0xff, 0x43, 0x4d, 0xb5, 0xff, 0x43, 0x54, 0xc3, 0xff,
    0x44, 0x5d, 0xcf, 0xff, 0x45, 0x66, 0xdc, 0xff, 0x45, 0x73, 0xe8, 0xff, 0x45, 0x80, 0xf4, 0xff,
    0x41, 0x8c, 0xf8, 0xff, 0x3c, 0x99, 0xf9, 0xff, 0x38, 0xa4, 0xf9, 0xff, 0x33, 0xac, 0xf5, 0xff,
    0x2e, 0xb3, 0xf0, 0xff, 0x28, 0xbd, 0xe7, 0xff, 0x21, 0xc8, 0xdb, 0xff, 0x1b, 0xd3, 0xcf, 0xff,
    0x1a, 0xd9, 0xc6, 0xff, 0x1a, 0xdf, 0xbe, 0xff, 0x1d, 0xe4, 0xb3, 0xff, 0x27, 0xea, 0xa6, 0xff,
    0x30, 0xf0, 0x9a, 0xff, 0x3b, 0xf3, 0x8e, 0xff, 0x46, 0xf7, 0x83, 0xff, 0x53, 0xf9, 0x78, 0xff,
    0x63, 0xfb, 0x6a, 0xff, 0x74, 0xfd, 0x5c, 0xff, 0x79, 0xfe, 0x58, 0xff, 0x7a, 0xfe, 0x57, 0xff,
    0x7b, 0xfe, 0x56, 0xff, 0x7e, 0xfe, 0x55, 0xff, 0x80, 0xfe, 0x53, 0xff, 0x83, 0xfe, 0x51, 0xff,
    0x86, 0xfe, 0x4e, 0xff, 0x8a, 0xfe, 0x4c, 0xff, 0x8c, 0xfe, 0x4a, 0xff, 0x8e, 0xfe, 0x49, 0xff,
    0x90, 0xfe, 0x47, 0xff, 0x93, 0xfe, 0x45, 0xff, 0x96, 0xfe, 0x43, 0xff, 0x99, 0xfd, 0x41, 0xff,
    0x9c, 0xfd, 0x40, 0xff, 0x9e, 0xfd, 0x3e, 0xff, 0xa0, 0xfd, 0x3d, 0xff, 0xa2, 0xfc, 0x3c, 0xff,
    0xa4, 0xfc, 0x3b, 0xff, 0xa6, 0xfb, 0x3a, 0xff, 0xa9, 0xfb, 0x39, 0xff, 0xaa, 0xfa, 0x38, 0xff,
    0xac, 0xfa, 0x37, 0xff, 0xae, 0xf9, 0x37, 0xff, 0xb0, 0xf8, 0x36, 0xff, 0xb3, 0xf8, 0x35, 0xff,
    0xb5, 0xf7, 0x35, 0xff, 0xb8, 0xf6, 0x34, 0xff, 0xba, 0xf5, 0x34, 0xff, 0xbb, 0xf4, 0x34, 0xff,
    0xbd, 0xf4, 0x34, 0xff, 0xbf, 0xf3, 0x34, 0xff, 0xc1, 0xf2, 0x33, 0xff, 0xc3, 0xf1, 0x33, 0xff,
    0xc5, 0xf0, 0x33, 0xff, 0xc6, 0xef, 0x33, 0xff, 0xc8, 0xee, 0x33, 0xff, 0xcb, 0xec, 0x34, 0xff,
    0xcd, 0xeb, 0x34, 0xff, 0xce, 0xea, 0x34, 0xff, 0xd0, 0xe9, 0x34, 0xff, 0xd1, 0xe8, 0x34, 0xff,
    0xd4, 0xe7, 0x35, 0xff, 0xd6, 0xe5, 0x35, 0xff, 0xd8, 0xe4, 0x35, 0xff, 0xda, 0xe2, 0x36, 0xff,
    0xdb, 0xe1, 0x36, 0xff, 0xdd, 0xe0, 0x36, 0xff, 0xde, 0xdf, 0x36, 0xff, 0xe0, 0xdd, 0x37, 0xff,
    0xe2, 0xdb, 0x37, 0xff, 0xe4, 0xd9, 0x38, 0xff, 0xe6, 0xd7, 0x38, 0xff, 0xe7, 0xd6, 0x38, 0xff,
    0xe9, 0xd4, 0x39, 0xff, 0xea, 0xd2, 0x39, 0xff, 0xec, 0xd0, 0x39, 0xff, 0xed, 0xce, 0x39, 0xff,
    0xef, 0xcd, 0x39, 0xff, 0xf0, 0xcb, 0x3a, 0xff, 0xf1, 0xca, 0x3a, 0xff, 0xf2, 0xc9, 0x3a, 0xff,
    0xf3, 0xc7, 0x3a, 0xff, 0xf4, 0xc5, 0x3a, 0xff, 0xf5, 0xc3, 0x3a, 0xff, 0xf6, 0xc2, 0x39, 0xff,
    0xf6, 0xc1, 0x39, 0xff, 0xf7, 0xbf, 0x39, 0xff, 0xf8, 0xbd, 0x39, 0xff, 0xf9, 0xbb, 0x38, 0xff,
    0xf9, 0xba, 0x38, 0xff, 0xfa, 0xb8, 0x38, 0xff, 0xfa, 0xb6, 0x37, 0xff, 0xfb, 0xb4, 0x36, 0xff,
    0xfb, 0xb2, 0x36, 0xff, 0xfc, 0xb0, 0x35, 0xff, 0xfc, 0xae, 0x34, 0xff, 0xfd, 0xac, 0x34, 0xff,
    0xfd, 0xaa, 0x33, 0xff, 0xfd, 0xa9, 0x32, 0xff, 0xfd, 0xa6, 0x31, 0xff, 0xfd, 0xa4, 0x30, 0xff,
    0xfe, 0xa2, 0x30, 0xff, 0xfe, 0xa0, 0x2f, 0xff, 0xfe, 0x9e, 0x2e, 0xff, 0xfe, 0x9c, 0x2d, 0xff,
    0xfe, 0x99, 0x2c, 0xff, 0xfd, 0x96, 0x2b, 0xff, 0xfd, 0x94, 0x2a, 0xff, 0xfd, 0x91, 0x29, 0xff,
    0xfd, 0x8f, 0x28, 0xff, 0xfd, 0x8d, 0x27, 0xff, 0xfd, 0x8b, 0x26, 0xff, 0xfc, 0x89, 0x25, 0xff,
    0xfc, 0x86, 0x24, 0xff, 0xfb, 0x83, 0x23, 0xff, 0xfb, 0x82, 0x22, 0xff, 0xfb, 0x80, 0x21, 0xff,
    0xfa, 0x7d, 0x20, 0xff, 0xfa, 0x7a, 0x1f, 0xff, 0xf9, 0x78, 0x1e, 0xff, 0xf8, 0x75, 0x1d, 0xff,
    0xf8, 0x72, 0x1b, 0xff, 0xf7, 0x70, 0x1b, 0xff, 0xf7, 0x6e, 0x1a, 0xff, 0xf6, 0x6c, 0x19, 0xff,
    0xf5, 0x6a, 0x18, 0xff, 0xf4, 0x67, 0x17, 0xff, 0xf4, 0x65, 0x16, 0xff, 0xf3, 0x63, 0x15, 0xff,
    0xf2, 0x61, 0x14, 0xff, 0xf1, 0x5f, 0x13, 0xff, 0xf0, 0x5c, 0x12, 0xff, 0xef, 0x5a, 0x11, 0xff,
    0xee, 0x58, 0x10, 0xff, 0xed, 0x55, 0x10, 0xff, 0xec, 0x53, 0x0f, 0xff, 0xea, 0x50, 0x0e, 0xff,
    0xe9, 0x4e, 0x0d, 0xff, 0xe8, 0x4b, 0x0c, 0xff, 0xe6, 0x49, 0x0b, 0xff, 0xe5, 0x48, 0x0b, 0xff,
    0xe5, 0x46, 0x0a, 0xff, 0xe4, 0x45, 0x0a, 0xff, 0xe2, 0x43, 0x09, 0xff, 0xe1, 0x41, 0x09, 0xff,
    0xe0, 0x3f, 0x08, 0xff, 0xdf, 0x3e, 0x08, 0xff, 0xde, 0x3d, 0x08, 0xff, 0xdc, 0x3b, 0x07, 0xff,
    0xda, 0x39, 0x07, 0xff, 0xd9, 0x38, 0x06, 0xff, 0xd7, 0x36, 0x06, 0xff, 0xd5, 0x34, 0x05, 0xff,
    0xd4, 0x33, 0x05, 0xff, 0xd3, 0x32, 0x05, 0xff, 0xd2, 0x30, 0x05, 0xff, 0xd0, 0x2f, 0x04, 0xff,
    0xce, 0x2d, 0x04, 0xff, 0xcc, 0x2c, 0x04, 0xff, 0xcb, 0x2b, 0x03, 0xff, 0xca, 0x2a, 0x03, 0xff,
    0xc8, 0x28, 0x03, 0xff, 0xc6, 0x26, 0x03, 0xff, 0xc4, 0x25, 0x02, 0xff, 0xc2, 0x24, 0x02, 0xff,
    0xc1, 0x23, 0x02, 0xff, 0xbf, 0x22, 0x02, 0xff, 0xbd, 0x20, 0x02, 0xff, 0xba, 0x1f, 0x01, 0xff,
    0xb8, 0x1d, 0x01, 0xff, 0xb6, 0x1c, 0x01, 0xff, 0xb4, 0x1b, 0x01, 0xff, 0xb3, 0x1a, 0x01, 0xff,
    0xb1, 0x19, 0x01, 0xff, 0xae, 0x18, 0x01, 0xff, 0xac, 0x16, 0x01, 0xff, 0xaa, 0x15, 0x01, 0xff,
    0xa8, 0x15, 0x01, 0xff, 0xa6, 0x14, 0x01, 0xff, 0xa4, 0x13, 0x01, 0xff, 0xa1, 0x11, 0x01, 0xff,
    0x9e, 0x10, 0x01, 0xff, 0x9c, 0x0f, 0x01, 0xff, 0x99, 0x0e, 0x01, 0xff, 0x97, 0x0d, 0x01, 0xff,
    0x95, 0x0c, 0x01, 0xff, 0x93, 0x0c, 0x01, 0xff, 0x90, 0x0b, 0x01, 0xff, 0x8d, 0x09, 0x01, 0xff,
    0x8b, 0x09, 0x01, 0xff, 0x89, 0x08, 0x01, 0xff, 0x87, 0x07, 0x01, 0xff, 0x84, 0x06, 0x02, 0xff,
    0x81, 0x05, 0x02, 0xff, 0x7e, 0x05, 0x02, 0xff, 0x7c, 0x04, 0x02, 0xff, 0x7a, 0x04, 0x02, 0xff,
    // Row 9: cmweather CM_depol
    0x19, 0x26, 0x59, 0xff, 0x1b, 0x27, 0x5a, 0xff, 0x1b, 0x27, 0x5a, 0xff, 0x1c, 0x29, 0x5c, 0xff,
    0x1e, 0x2a, 0x5d, 0xff, 0x1f, 0x2c, 0x5f, 0xff, 0x21, 0x2d, 0x60, 0xff, 0x21, 0x2d, 0x60, 0xff,
    0x22, 0x2f, 0x62, 0xff, 0x24, 0x30, 0x63, 0xff, 0x26, 0x32, 0x65, 0xff, 0x26, 0x32, 0x65, 0xff,
    0x27, 0x33, 0x66, 0xff, 0x29, 0x35, 0x68, 0xff, 0x2a, 0x36, 0x69, 0xff, 0x2c, 0x38, 0x6b, 0xff,
    0x2c, 0x38, 0x6b, 0xff, 0x2d, 0x39, 0x6d, 0xff, 0x2f, 0x3b, 0x6e, 0xff, 0x30, 0x3d, 0x70, 0xff,
    0x32, 0x3e, 0x71, 0xff, 0x32, 0x3e, 0x71, 0xff, 0x33, 0x40, 0x73, 0xff, 0x35, 0x41, 0x74, 0xff,
    0x36, 0x43, 0x76, 0xff, 0x38, 0x44, 0x78, 0xff, 0x38, 0x44, 0x78, 0xff, 0x3a, 0x46, 0x79, 0xff,
    0x3b, 0x48, 0x7b, 0xff, 0x3d, 0x49, 0x7c, 0xff, 0x3d, 0x49, 0x7c, 0xff, 0x3e, 0x4b, 0x7e, 0xff,
    0x40, 0x4d, 0x80, 0xff, 0x42, 0x4e, 0x81, 0xff, 0x43, 0x50, 0x83, 0xff, 0x43, 0x50, 0x83, 0xff,
    0x45, 0x51, 0x85, 0xff, 0x47, 0x53, 0x86, 0xff, 0x48, 0x55, 0x88, 0xff, 0x4a, 0x56, 0x89, 0xff,
    0x4a, 0x56, 0x89, 0xff, 0x4b, 0x58, 0x8b, 0xff, 0x4d, 0x5a, 0x8d, 0xff, 0x4f, 0x5b, 0x8e, 0xff,
    0x50, 0x5d, 0x90, 0xff, 0x50, 0x5d, 0x90, 0xff, 0x52, 0x5f, 0x92, 0xff, 0x54, 0x60, 0x93, 0xff,
    0x55, 0x62, 0x95, 0xff, 0x57, 0x64, 0x97, 0xff, 0x57, 0x64, 0x97, 0xff, 0x59, 0x65, 0x99, 0xff,
    0x5b, 0x67, 0x9a, 0xff, 0x5c, 0x69, 0x9c, 0xff, 0x5c, 0x69, 0x9c, 0xff, 0x5e, 0x6b, 0x9e, 0xff,
    0x60, 0x6c, 0x9f, 0xff, 0x61, 0x6e, 0xa1, 0xff, 0x63, 0x70, 0xa3, 0xff, 0x63, 0x70, 0xa3, 0xff,
    0x65, 0x72, 0xa5, 0xff, 0x67, 0x73, 0xa6, 0xff, 0x68, 0x75, 0xa8, 0xff, 0x6a, 0x77, 0xaa, 0xff,
    0x6a, 0x77, 0xaa, 0xff, 0x6c, 0x78, 0xac, 0xff, 0x6e, 0x7a, 0xad, 0xff, 0x6f, 0x7c, 0xaf, 0xff,
    0x71, 0x7e, 0xb1, 0xff, 0x71, 0x7e, 0xb1, 0xff, 0x73, 0x80, 0xb3, 0xff, 0x75, 0x81, 0xb4, 0xff,
    0x76, 0x83, 0xb6, 0xff, 0x76, 0x83, 0xb6, 0xff, 0x78, 0x85, 0xb8, 0xff, 0x7a, 0x87, 0xba, 0xff,
    0x7c, 0x88, 0xbb, 0xff, 0x7e, 0x8a, 0xbd, 0xff, 0x7e, 0x8a, 0xbd, 0xff, 0x7f, 0x8c, 0xbf, 0xff,
    0x81, 0x8e, 0xc1, 0xff, 0x83, 0x90, 0xc3, 0xff, 0x85, 0x91, 0xc4, 0xff, 0x85, 0x91, 0xc4, 0xff,
    0x87, 0x93, 0xc6, 0xff, 0x88, 0x95, 0xc8, 0xff, 0x8a, 0x97, 0xca, 0xff, 0x8c, 0x99, 0xcc, 0xff,
    0x8c, 0x99, 0xcc, 0xff, 0x8e, 0x9b, 0xce, 0xff, 0x90, 0x9c, 0xcf, 0xff, 0x92, 0x9e, 0xd1, 0xff,
    0x92, 0x9e, 0xd1, 0xff, 0x93, 0xa0, 0xd3, 0xff, 0x95, 0xa2, 0xd5, 0xff, 0x97, 0xa4, 0xd7, 0xff,
    0x99, 0xa6, 0xd8, 0xff, 0x99, 0xa6, 0xd8, 0xff, 0x9b, 0xa7, 0xda, 0xff, 0x9d, 0xa9, 0xdc, 0xff,
    0x9e, 0xab, 0xde, 0xff, 0xa0, 0xad, 0xdf, 0xff, 0xa0, 0xad, 0xdf, 0xff, 0xa2, 0xaf, 0xe1, 0xff,
    0xa4, 0xb1, 0xe3, 0xff, 0xa6, 0xb2, 0xe4, 0xff, 0xa8, 0xb4, 0xe6, 0xff, 0xa8, 0xb4, 0xe6, 0xff,
    0xa9, 0xb6, 0xe7, 0xff, 0xab, 0xb8, 0xe9, 0xff, 0xad, 0xba, 0xea, 0xff, 0xad, 0xba, 0xea, 0xff,
    0xaf, 0xbb, 0xeb, 0xff, 0xb0, 0xbd, 0xec, 0xff, 0xb2, 0xbf, 0xee, 0xff, 0xb4, 0xc0, 0xef, 0xff,
    0xb4, 0xc0, 0xef, 0xff, 0xb5, 0xc2, 0xf0, 0xff, 0xb7, 0xc3, 0xf0, 0xff, 0xb8, 0xc5, 0xf1, 0xff,
    0xba, 0xc7, 0xf2, 0xff, 0xba, 0xc7, 0xf2, 0xff, 0xbb, 0xc8, 0xf3, 0xff, 0xbd, 0xc9, 0xf3, 0xff,
    0xbe, 0xcb, 0xf4, 0xff, 0xc0, 0xcc, 0xf4, 0xff, 0xc0, 0xcc, 0xf4, 0xff, 0xc1, 0xce, 0xf5, 0xff,
    0xc2, 0xcf, 0xf5, 0xff, 0xc4, 0xd0, 0xf6, 0xff, 0xc5, 0xd2, 0xf6, 0xff, 0xc5, 0xd2, 0xf6, 0xff,
    0xc7, 0xd3, 0xf7, 0xff, 0xc8, 0xd4, 0xf7, 0xff, 0xc9, 0xd6, 0xf7, 0xff, 0xc9, 0xd6, 0xf7, 0xff,
    0xcb, 0xd7, 0xf8, 0xff, 0xcc, 0xd8, 0xf8, 0xff, 0xcd, 0xda, 0xf9, 0xff, 0xce, 0xdb, 0xf9, 0xff,
    0xce, 0xdb, 0xf9, 0xff, 0xd0, 0xdc, 0xf9, 0xff, 0xd1, 0xde, 0xfa, 0xff, 0xd2, 0xdf, 0xfa, 0xff,
    0xd4, 0xe0, 0xfa, 0xff, 0xd4, 0xe0, 0xfa, 0xff, 0xd5, 0xe2, 0xfb, 0xff, 0xd6, 0xe3, 0xfb, 0xff,
    0xd8, 0xe4, 0xfb, 0xff, 0xd9, 0xe6, 0xfc, 0xff, 0xd9, 0xe6, 0xfc, 0xff, 0xda, 0xe7, 0xfc, 0xff,
    0xdc, 0xe8, 0xfc, 0xff, 0xdd, 0xea, 0xfd, 0xff, 0xdd, 0xea, 0xfd, 0xff, 0xde, 0xeb, 0xfd, 0xff,
    0xe0, 0xec, 0xfd, 0xff, 0xe1, 0xee, 0xfe, 0xff, 0xe2, 0xef, 0xfe, 0xff, 0xe2, 0xef, 0xfe, 0xff,
    0xe4, 0xf0, 0xfe, 0xff, 0xe5, 0xf2, 0xfe, 0xff, 0xe5, 0xf2, 0xfe, 0xff, 0x19, 0x4c, 0x00, 0xff,
    0x1f, 0x4d, 0x00, 0xff, 0x22, 0x4e, 0x00, 0xff, 0x24, 0x4f, 0x00, 0xff, 0x29, 0x50, 0x00, 0xff,
    0x2c, 0x51, 0x00, 0xff, 0x30, 0x52, 0x00, 0xff, 0x33, 0x53, 0x00, 0xff, 0x35, 0x54, 0x00, 0xff,
    0x39, 0x55, 0x00, 0xff, 0x3b, 0x56, 0x00, 0xff, 0x3e, 0x56, 0x00, 0xff, 0x42, 0x58, 0x00, 0xff,
    0x44, 0x58, 0x00, 0xff, 0x46, 0x59, 0x00, 0xff, 0x4a, 0x5a, 0x00, 0xff, 0x4c, 0x5b, 0x01, 0xff,
    0x50, 0x5d, 0x01, 0xff, 0x53, 0x5d, 0x02, 0xff, 0x55, 0x5e, 0x03, 0xff, 0x59, 0x60, 0x04, 0xff,
    0x5b, 0x61, 0x05, 0xff, 0x5e, 0x62, 0x07, 0xff, 0x62, 0x64, 0x0a, 0xff, 0x64, 0x65, 0x0c, 0xff,
    0x67, 0x66, 0x0e, 0xff, 0x6b, 0x69, 0x12, 0xff, 0x6e, 0x6a, 0x14, 0xff, 0x70, 0x6b, 0x16, 0xff,
    0x75, 0x6e, 0x1a, 0xff, 0x77, 0x6f, 0x1c, 0xff, 0x7c, 0x72, 0x20, 0xff, 0x7e, 0x73, 0x23, 0xff,
    0x80, 0x75, 0x25, 0xff, 0x85, 0x77, 0x29, 0xff, 0x87, 0x79, 0x2c, 0xff, 0x89, 0x7a, 0x2e, 0xff,
    0x8d, 0x7d, 0x32, 0xff, 0x90, 0x7e, 0x35, 0xff, 0x92, 0x80, 0x37, 0xff, 0x96, 0x82, 0x3b, 0xff,
    0x98, 0x84, 0x3e, 0xff, 0x9d, 0x87, 0x42, 0xff, 0x9f, 0x88, 0x44, 0xff, 0xa1, 0x8a, 0x47, 0xff,
    0xa5, 0x8d, 0x4b, 0xff, 0xa7, 0x8e, 0x4e, 0xff, 0xaa, 0x90, 0x50, 0xff, 0xae, 0x93, 0x54, 0xff,
    0xb0, 0x95, 0x57, 0xff, 0xb2, 0x96, 0x59, 0xff, 0xb7, 0x9a, 0x5e, 0xff, 0xb9, 0x9b, 0x60, 0xff,
    0xbe, 0x9f, 0x64, 0xff, 0xc0, 0xa0, 0x67, 0xff, 0xc2, 0xa2, 0x69, 0xff, 0xc7, 0xa6, 0x6e, 0xff,
    0xc9, 0xa7, 0x70, 0xff, 0xcc, 0xa9, 0x72, 0xff, 0xd0, 0xad, 0x77, 0xff, 0xd2, 0xaf, 0x7a, 0xff,
    0xd5, 0xb0, 0x7c, 0xff, 0xd9, 0xb4, 0x81, 0xff, 0xdb, 0xb6, 0x83, 0xff, 0xdf, 0xba, 0x88, 0xff,
    0xe1, 0xbc, 0x8b, 0xff, 0xe3, 0xbd, 0x8d, 0xff, 0xe7, 0xc1, 0x92, 0xff, 0xe8, 0xc3, 0x95, 0xff,
    0xea, 0xc5, 0x97, 0xff, 0xed, 0xc9, 0x9c, 0xff, 0xee, 0xca, 0x9f, 0xff, 0xef, 0xcc, 0xa1, 0xff,
    0xf1, 0xd0, 0xa6, 0xff, 0xf2, 0xd1, 0xa8, 0xff, 0xf3, 0xd3, 0xab, 0xff, 0xf4, 0xd6, 0xb0, 0xff,
    0xf5, 0xd8, 0xb2, 0xff, 0xf6, 0xdb, 0xb7, 0xff, 0xf6, 0xdd, 0xb9, 0xff, 0xf6, 0xdf, 0xbb, 0xff,
    0xf7, 0xe2, 0xc0, 0xff, 0xf8, 0xe3, 0xc2, 0xff, 0xf8, 0xe5, 0xc4, 0xff, 0xf9, 0xe8, 0xc9, 0xff,
    0xf9, 0xea, 0xcb, 0xff, 0xf9, 0xec, 0xce, 0xff, 0xfa, 0xef, 0xd2, 0xff, 0xfa, 0xf0, 0xd5, 0xff,
    0xfb, 0xf4, 0xd9, 0xff, 0xfb, 0xf5, 0xdc, 0xff, 0xfb, 0xf7, 0xde, 0xff, 0xfc, 0xfa, 0xe3, 0xff,
    // Row 10: cmweather CM_rhohv
    0x7f, 0x1c, 0x00, 0xff, 0x82, 0x22, 0x02, 0xff, 0x84, 0x27, 0x04, 0xff, 0x86, 0x2c, 0x06, 0xff,
    0x89, 0x30, 0x07, 0xff, 0x8b, 0x35, 0x09, 0xff, 0x8d, 0x39, 0x0b, 0xff, 0x8f, 0x3e, 0x0c, 0xff,
    0x91, 0x42, 0x0e, 0xff, 0x93, 0x46, 0x10, 0xff, 0x96, 0x4a, 0x12, 0xff, 0x98, 0x4e, 0x13, 0xff,
    0x9a, 0x52, 0x15, 0xff, 0x9c, 0x56, 0x17, 0xff, 0x9e, 0x5a, 0x19, 0xff, 0xa0, 0x5e, 0x1a, 0xff,
    0xa2, 0x62, 0x1c, 0xff, 0xa3, 0x66, 0x1e, 0xff, 0xa5, 0x6a, 0x1f, 0xff, 0xa7, 0x6e, 0x21, 0xff,
    0xa9, 0x72, 0x23, 0xff, 0xab, 0x76, 0x24, 0xff, 0xad, 0x7a, 0x26, 0xff, 0xaf, 0x7e, 0x28, 0xff,
    0xb1, 0x82, 0x2a, 0xff, 0xb3, 0x86, 0x2c, 0xff, 0xb5, 0x8a, 0x2e, 0xff, 0xb7, 0x8e, 0x30, 0xff,
    0xb9, 0x92, 0x32, 0xff, 0xbb, 0x96, 0x34, 0xff, 0xbd, 0x9b, 0x37, 0xff, 0xbf, 0x9f, 0x3a, 0xff,
    0xc1, 0xa3, 0x3d, 0xff, 0xc4, 0xa8, 0x40, 0xff, 0xc6, 0xac, 0x44, 0xff, 0xc8, 0xb1, 0x48, 0xff,
    0xcb, 0xb5, 0x4d, 0xff, 0xcd, 0xba, 0x51, 0xff, 0xd0, 0xbe, 0x56, 0xff, 0xd2, 0xc3, 0x5b, 0xff,
    0xd4, 0xc7, 0x61, 0xff, 0xd7, 0xcb, 0x66, 0xff, 0xd9, 0xcf, 0x6c, 0xff, 0xdb, 0xd3, 0x72, 0xff,
    0xdc, 0xd6, 0x78, 0xff, 0xde, 0xd9, 0x7d, 0xff, 0xdf, 0xdb, 0x83, 0xff, 0xe0, 0xde, 0x88, 0xff,
    0xe1, 0xe0, 0x8d, 0xff, 0xe2, 0xe2, 0x92, 0xff, 0xe2, 0xe4, 0x97, 0xff, 0xe2, 0xe5, 0x9c, 0xff,
    0xe2, 0xe6, 0xa1, 0xff, 0xe2, 0xe7, 0xa5, 0xff, 0xe1, 0xe8, 0xa9, 0xff, 0xe0, 0xe9, 0xad, 0xff,
    0xde, 0xea, 0xb1, 0xff, 0xdd, 0xea, 0xb5, 0xff, 0xdb, 0xeb, 0xb9, 0xff, 0xd8, 0xeb, 0xbc, 0xff,
    0xd5, 0xeb, 0xbf, 0xff, 0xd2, 0xeb, 0xc2, 0xff, 0xcf, 0xeb, 0xc5, 0xff, 0xcb, 0xeb, 0xc7, 0xff,
    0xcb, 0xeb, 0xc7, 0xff, 0xca, 0xeb, 0xc9, 0xff, 0xca, 0xeb, 0xc9, 0xff, 0xc8, 0xea, 0xca, 0xff,
    0xc6, 0xea, 0xcb, 0xff, 0xc6, 0xea, 0xcb, 0xff, 0xc3, 0xea, 0xcc, 0xff, 0xc1, 0xe9, 0xcd, 0xff,
    0xc1, 0xe9, 0xcd, 0xff, 0xbf, 0xe9, 0xce, 0xff, 0xbd, 0xe9, 0xcf, 0xff, 0xbd, 0xe9, 0xcf, 0xff,
    0xba, 0xe8, 0xd0, 0xff, 0xb8, 0xe8, 0xd1, 0xff, 0xb8, 0xe8, 0xd1, 0xff, 0xb5, 0xe7, 0xd1, 0xff,
    0xb3, 0xe7, 0xd2, 0xff, 0xb3, 0xe7, 0xd2, 0xff, 0xb0, 0xe6, 0xd3, 0xff, 0xae, 0xe5, 0xd3, 0xff,
    0xae, 0xe5, 0xd3, 0xff, 0xab, 0xe5, 0xd4, 0xff, 0xa8, 0xe4, 0xd4, 0xff, 0xa8, 0xe4, 0xd4, 0xff,
    0xa6, 0xe3, 0xd5, 0xff, 0xa3, 0xe2, 0xd5, 0xff, 0xa3, 0xe2, 0xd5, 0xff, 0xa0, 0xe1, 0xd6, 0xff,
    0x9d, 0xe0, 0xd6, 0xff, 0x9d, 0xe0, 0xd6, 0xff, 0x9a, 0xdf, 0xd6, 0xff, 0x97, 0xde, 0xd7, 0xff,
    0x97, 0xde, 0xd7, 0xff, 0x95, 0xdd, 0xd7, 0xff, 0x92, 0xdc, 0xd7, 0xff, 0x92, 0xdc, 0xd7, 0xff,
    0x8f, 0xdb, 0xd7, 0xff, 0x8c, 0xd9, 0xd7, 0xff, 0x8c, 0xd9, 0xd7, 0xff, 0x89, 0xd8, 0xd7, 0xff,
    0x87, 0xd7, 0xd7, 0xff, 0x87, 0xd7, 0xd7, 0xff, 0x84, 0xd5, 0xd7, 0xff, 0x81, 0xd4, 0xd7, 0xff,
    0x81, 0xd4, 0xd7, 0xff, 0x7e, 0xd2, 0xd7, 0xff, 0x7c, 0xd1, 0xd7, 0xff, 0x7c, 0xd1, 0xd7, 0xff,
    0x79, 0xcf, 0xd6, 0xff, 0x77, 0xce, 0xd6, 0xff, 0x77, 0xce, 0xd6, 0xff, 0x74, 0xcc, 0xd6, 0xff,
    0x72, 0xca, 0xd6, 0xff, 0x72, 0xca, 0xd6, 0xff, 0x6f, 0xc9, 0xd5, 0xff, 0x6d, 0xc7, 0xd5, 0xff,
    0x6d, 0xc7, 0xd5, 0xff, 0x6b, 0xc5, 0xd4, 0xff, 0x69, 0xc4, 0xd4, 0xff, 0x69, 0xc4, 0xd4, 0xff,
    0x67, 0xc2, 0xd4, 0xff, 0x65, 0xc0, 0xd3, 0xff, 0x65, 0xc0, 0xd3, 0xff, 0x63, 0xbe, 0xd3, 0xff,
    0x61, 0xbd, 0xd2, 0xff, 0x61, 0xbd, 0xd2, 0xff, 0x5f, 0xbb, 0xd1, 0xff, 0x5e, 0xb9, 0xd1, 0xff,
    0x5e, 0xb9, 0xd1, 0xff, 0x5c, 0xb7, 0xd0, 0xff, 0x5a, 0xb5, 0xd0, 0xff, 0x5a, 0xb5, 0xd0, 0xff,
    0x59, 0xb4, 0xcf, 0xff, 0x57, 0xb2, 0xce, 0xff, 0x57, 0xb2, 0xce, 0xff, 0x56, 0xb0, 0xce, 0xff,
    0x55, 0xae, 0xcd, 0xff, 0x55, 0xae, 0xcd, 0xff, 0x53, 0xad, 0xcc, 0xff, 0x52, 0xab, 0xcc, 0xff,
    0x52, 0xab, 0xcc, 0xff, 0x51, 0xa9, 0xcb, 0xff, 0x50, 0xa7, 0xca, 0xff, 0x50, 0xa7, 0xca, 0xff,
    0x4f, 0xa6, 0xca, 0xff, 0x4e, 0xa4, 0xc9, 0xff, 0x4e, 0xa4, 0xc9, 0xff, 0x4d, 0xa2, 0xc8, 0xff,
    0x4c, 0xa0, 0xc8, 0xff, 0x4c, 0xa0, 0xc8, 0xff, 0x4b, 0x9f, 0xc7, 0xff, 0x4a, 0x9d, 0xc6, 0xff,
    0x4a, 0x9d, 0xc6, 0xff, 0x49, 0x9b, 0xc5, 0xff, 0x48, 0x99, 0xc5, 0xff, 0x48, 0x99, 0xc5, 0xff,
    0x47, 0x98, 0xc4, 0xff, 0x47, 0x96, 0xc3, 0xff, 0x47, 0x96, 0xc3, 0xff, 0x46, 0x94, 0xc3, 0xff,
    0x45, 0x92, 0xc2, 0xff, 0x45, 0x92, 0xc2, 0xff, 0x44, 0x91, 0xc1, 0xff, 0x43, 0x8f, 0xc0, 0xff,
    0x43, 0x8f, 0xc0, 0xff, 0x43, 0x8d, 0xc0, 0xff, 0x42, 0x8c, 0xbf, 0xff, 0x42, 0x8c, 0xbf, 0xff,
    0x41, 0x8a, 0xbe, 0xff, 0x40, 0x88, 0xbe, 0xff, 0x40, 0x88, 0xbe, 0xff, 0x40, 0x87, 0xbd, 0xff,
    0x3f, 0x85, 0xbc, 0xff, 0x3f, 0x85, 0xbc, 0xff, 0x3e, 0x83, 0xbb, 0xff, 0x3e, 0x82, 0xbb, 0xff,
    0x3e, 0x82, 0xbb, 0xff, 0x3d, 0x80, 0xba, 0xff, 0x3c, 0x7e, 0xb9, 0xff, 0x3c, 0x7e, 0xb9, 0xff,
    0x3c, 0x7d, 0xb9, 0xff, 0x3b, 0x7b, 0xb8, 0xff, 0x3b, 0x7b, 0xb8, 0xff, 0x3a, 0x79, 0xb7, 0xff,
    0x3a, 0x78, 0xb7, 0xff, 0x3a, 0x78, 0xb7, 0xff, 0x39, 0x76, 0xb6, 0xff, 0x38, 0x75, 0xb5, 0xff,
    0x38, 0x75, 0xb5, 0xff, 0x38, 0x73, 0xb4, 0xff, 0x37, 0x71, 0xb4, 0xff, 0x37, 0x71, 0xb4, 0xff,
    0x36, 0x70, 0xb3, 0xff, 0x36, 0x6e, 0xb2, 0xff, 0x36, 0x6e, 0xb2, 0xff, 0x35, 0x6d, 0xb2, 0xff,
    0x34, 0x6b, 0xb1, 0xff, 0x34, 0x6b, 0xb1, 0xff, 0x34, 0x69, 0xb0, 0xff, 0x33, 0x68, 0xb0, 0xff,
    0x33, 0x68, 0xb0, 0xff, 0x33, 0x66, 0xaf, 0xff, 0x32, 0x65, 0xae, 0xff, 0x32, 0x65, 0xae, 0xff,
    0x31, 0x63, 0xae, 0xff, 0x31, 0x62, 0xad, 0xff, 0x31, 0x62, 0xad, 0xff, 0x30, 0x60, 0xac, 0xff,
    0x2f, 0x5f, 0xac, 0xff, 0x2f, 0x5f, 0xac, 0xff, 0x2f, 0x5d, 0xab, 0xff, 0x2e, 0x5b, 0xaa, 0xff,
    0x2e, 0x5b, 0xaa, 0xff, 0x2d, 0x5a, 0xaa, 0xff, 0x2d, 0x58, 0xa9, 0xff, 0x2d, 0x58, 0xa9, 0xff,
    0x2c, 0x57, 0xa8, 0xff, 0x2c, 0x55, 0xa8, 0xff, 0x2c, 0x55, 0xa8, 0xff, 0x2b, 0x54, 0xa7, 0xff,
    0x2a, 0x52, 0xa6, 0xff, 0x2a, 0x52, 0xa6, 0xff, 0x2a, 0x51, 0xa6, 0xff, 0x29, 0x4f, 0xa5, 0xff,
    0x29, 0x4f, 0xa5, 0xff, 0x28, 0x4e, 0xa4, 0xff, 0x28, 0x4c, 0xa4, 0xff, 0x28, 0x4c, 0xa4, 0xff,
    0x27, 0x4b, 0xa3, 0xff, 0x26, 0x49, 0xa2, 0xff, 0x26, 0x49, 0xa2, 0xff, 0x26, 0x48, 0xa2, 0xff,
    0x25, 0x46, 0xa1, 0xff, 0x25, 0x46, 0xa1, 0xff, 0x24, 0x45, 0xa0, 0xff, 0x23, 0x43, 0xa0, 0xff,
    0x23, 0x43, 0xa0, 0xff, 0x23, 0x42, 0x9f, 0xff, 0x22, 0x40, 0x9e, 0xff, 0x22, 0x40, 0x9e, 0xff,
    0x21, 0x3f, 0x9e, 0xff, 0x20, 0x3d, 0x9d, 0xff, 0x20, 0x3d, 0x9d, 0xff, 0x1f, 0x3c, 0x9c, 0xff,
    0x1f, 0x3a, 0x9c, 0xff, 0x1f, 0x3a, 0x9c, 0xff, 0x1e, 0x39, 0x9b, 0xff, 0x1d, 0x37, 0x9a, 0xff,
    0x1d, 0x37, 0x9a, 0xff, 0x1c, 0x36, 0x9a, 0xff, 0x1b, 0x34, 0x99, 0xff, 0x1b, 0x34, 0x99, 0xff,
    // Row 11: cmweather HomeyerRainbow
    0x00, 0x6c, 0xc6, 0xff, 0x00, 0x6d, 0xc5, 0xff, 0x00, 0x6f, 0xc4, 0xff, 0x00, 0x70, 0xc4, 0xff,
    0x00, 0x72, 0xc3, 0xff, 0x00, 0x74, 0xc2, 0xff, 0x00, 0x75, 0xc2, 0xff, 0x00, 0x77, 0xc1, 0xff,
    0x00, 0x78, 0xc0, 0xff, 0x00, 0x7a, 0xc0, 0xff, 0x00, 0x7c, 0xbf, 0xff, 0x00, 0x7d, 0xbe, 0xff,
    0x00, 0x7f, 0xbe, 0xff, 0x00, 0x80, 0xbd, 0xff, 0x00, 0x82, 0xbc, 0xff, 0x02, 0x84, 0xbc, 0xff,
    0x04, 0x85, 0xbb, 0xff, 0x06, 0x87, 0xba, 0xff, 0x09, 0x88, 0xba, 0xff, 0x0b, 0x8a, 0xb9, 0xff,
    0x0d, 0x8b, 0xb8, 0xff, 0x10, 0x8d, 0xb7, 0xff, 0x12, 0x8f, 0xb6, 0xff, 0x15, 0x90, 0xb5, 0xff,
    0x17, 0x92, 0xb4, 0xff, 0x1a, 0x93, 0xb3, 0xff, 0x1c, 0x95, 0xb3, 0xff, 0x1e, 0x96, 0xb2, 0xff,
    0x21, 0x98, 0xb1, 0xff, 0x23, 0x99, 0xb0, 0xff, 0x26, 0x9b, 0xaf, 0xff, 0x28, 0x9d, 0xae, 0xff,
    0x2b, 0x9e, 0xad, 0xff, 0x2d, 0xa0, 0xac, 0xff, 0x2f, 0xa1, 0xab, 0xff, 0x32, 0xa3, 0xaa, 0xff,
    0x34, 0xa4, 0xa9, 0xff, 0x37, 0xa6, 0xa9, 0xff, 0x39, 0xa7, 0xa8, 0xff, 0x3c, 0xa9, 0xa7, 0xff,
    0x3e, 0xaa, 0xa6, 0xff, 0x41, 0xac, 0xa5, 0xff, 0x44, 0xad, 0xa4, 0xff, 0x46, 0xaf, 0xa3, 0xff,
    0x49, 0xb1, 0xa2, 0xff, 0x4b, 0xb2, 0xa1, 0xff, 0x4e, 0xb4, 0xa0, 0xff, 0x50, 0xb5, 0x9f, 0xff,
    0x53, 0xb7, 0x9e, 0xff, 0x56, 0xb8, 0x9d, 0xff, 0x58, 0xba, 0x9c, 0xff, 0x5b, 0xbb, 0x9b, 0xff,
    0x5d, 0xbd, 0x9a, 0xff, 0x60, 0xbe, 0x98, 0xff, 0x62, 0xc0, 0x97, 0xff, 0x65, 0xc1, 0x97, 0xff,
    0x68, 0xc3, 0x96, 0xff, 0x6a, 0xc4, 0x95, 0xff, 0x6d, 0xc5, 0x94, 0xff, 0x70, 0xc7, 0x93, 0xff,
    0x72, 0xc8, 0x92, 0xff, 0x75, 0xca, 0x91, 0xff, 0x78, 0xcb, 0x90, 0xff, 0x7a, 0xcd, 0x8f, 0xff,
    0x7d, 0xce, 0x8e, 0xff, 0x80, 0xd0, 0x8d, 0xff, 0x82, 0xd1, 0x8c, 0xff, 0x85, 0xd3, 0x8b, 0xff,
    0x88, 0xd4, 0x8a, 0xff, 0x8a, 0xd5, 0x89, 0xff, 0x8d, 0xd7, 0x88, 0xff, 0x90, 0xd8, 0x87, 0xff,
    0x92, 0xda, 0x86, 0xff, 0x95, 0xdb, 0x85, 0xff, 0x98, 0xdd, 0x84, 0xff, 0x9a, 0xde, 0x83, 0xff,
    0x9d, 0xdf, 0x82, 0xff, 0xa0, 0xe1, 0x82, 0xff, 0xa3, 0xe2, 0x81, 0xff, 0xa5, 0xe4, 0x80, 0xff,
    0xa8, 0xe5, 0x7f, 0xff, 0xab, 0xe6, 0x7e, 0xff, 0xae, 0xe8, 0x7e, 0xff, 0xb0, 0xe9, 0x7d, 0xff,
    0xb3, 0xeb, 0x7c, 0xff, 0xb6, 0xec, 0x7b, 0xff, 0xb9, 0xed, 0x7a, 0xff, 0xbb, 0xef, 0x79, 0xff,
    0xbe, 0xf0, 0x79, 0xff, 0xc1, 0xf1, 0x78, 0xff, 0xc4, 0xf3, 0x77, 0xff, 0xc6, 0xf4, 0x76, 0xff,
    0xc8, 0xf5, 0x75, 0xff, 0xca, 0xf5, 0x73, 0xff, 0xcc, 0xf6, 0x72, 0xff, 0xce, 0xf6, 0x71, 0xff,
    0xd0, 0xf7, 0x6f, 0xff, 0xd2, 0xf7, 0x6e, 0xff, 0xd4, 0xf7, 0x6c, 0xff, 0xd6, 0xf8, 0x6b, 0xff,
    0xd8, 0xf8, 0x6a, 0xff, 0xda, 0xf9, 0x68, 0xff, 0xdc, 0xf9, 0x67, 0xff, 0xde, 0xfa, 0x65, 0xff,
    0xe0, 0xfa, 0x64, 0xff, 0xe2, 0xfb, 0x63, 0xff, 0xe4, 0xfb, 0x61, 0xff, 0xe6, 0xfc, 0x60, 0xff,
    0xe8, 0xfc, 0x5e, 0xff, 0xea, 0xfd, 0x5d, 0xff, 0xea, 0xfb, 0x5a, 0xff, 0xea, 0xf9, 0x57, 0xff,
    0xea, 0xf8, 0x54, 0xff, 0xe9, 0xf6, 0x50, 0xff, 0xe9, 0xf4, 0x4d, 0xff, 0xe9, 0xf2, 0x4a, 0xff,
    0xe9, 0xf0, 0x47, 0xff, 0xe8, 0xee, 0x43, 0xff, 0xe8, 0xec, 0x40, 0xff, 0xe8, 0xea, 0x3d, 0xff,
    0xe7, 0xe8, 0x39, 0xff, 0xe7, 0xe6, 0x36, 0xff, 0xe7, 0xe5, 0x33, 0xff, 0xe7, 0xe3, 0x2f, 0xff,
    0xe6, 0xe1, 0x2c, 0xff, 0xe6, 0xdf, 0x29, 0xff, 0xe6, 0xdd, 0x26, 0xff, 0xe6, 0xdb, 0x22, 0xff,
    0xe5, 0xd9, 0x1f, 0xff, 0xe5, 0xd7, 0x1c, 0xff, 0xe5, 0xd5, 0x1a, 0xff, 0xe4, 0xd3, 0x17, 0xff,
    0xe4, 0xd1, 0x14, 0xff, 0xe4, 0xcf, 0x11, 0xff, 0xe4, 0xcd, 0x0e, 0xff, 0xe3, 0xcb, 0x0b, 0xff,
    0xe3, 0xc9, 0x09, 0xff, 0xe3, 0xc7, 0x06, 0xff, 0xe2, 0xc5, 0x03, 0xff, 0xe2, 0xc3, 0x00, 0xff,
    0xe2, 0xc1, 0x00, 0xff, 0xe2, 0xbf, 0x00, 0xff, 0xe1, 0xbd, 0x00, 0xff, 0xe1, 0xbb, 0x00, 0xff,
    0xe1, 0xb9, 0x00, 0xff, 0xe0, 0xb7, 0x00, 0xff, 0xe0, 0xb5, 0x00, 0xff, 0xe0, 0xb3, 0x00, 0xff,
    0xe0, 0xb1, 0x00, 0xff, 0xdf, 0xaf, 0x00, 0xff, 0xdf, 0xad, 0x00, 0xff, 0xdf, 0xab, 0x00, 0xff,
    0xde, 0xa9, 0x00, 0xff, 0xde, 0xa7, 0x00, 0xff, 0xde, 0xa5, 0x00, 0xff, 0xdd, 0xa3, 0x00, 0xff,
    0xdd, 0xa0, 0x00, 0xff, 0xdd, 0x9e, 0x00, 0xff, 0xdc, 0x9c, 0x00, 0xff, 0xdc, 0x9a, 0x00, 0xff,
    0xdc, 0x98, 0x00, 0xff, 0xdc, 0x96, 0x00, 0xff, 0xdb, 0x94, 0x00, 0xff, 0xdb, 0x92, 0x00, 0xff,
    0xdb, 0x90, 0x00, 0xff, 0xda, 0x8e, 0x00, 0xff, 0xda, 0x8b, 0x00, 0xff, 0xda, 0x89, 0x00, 0xff,
    0xd9, 0x87, 0x00, 0xff, 0xd9, 0x85, 0x00, 0xff, 0xd8, 0x83, 0x00, 0xff, 0xd8, 0x81, 0x00, 0xff,
    0xd8, 0x7f, 0x00, 0xff, 0xd7, 0x7c, 0x00, 0xff, 0xd7, 0x7a, 0x00, 0xff, 0xd7, 0x78, 0x00, 0xff,
    0xd6, 0x76, 0x00, 0xff, 0xd6, 0x74, 0x00, 0xff, 0xd6, 0x72, 0x00, 0xff, 0xd5, 0x6f, 0x00, 0xff,
    0xd5, 0x6d, 0x00, 0xff, 0xd4, 0x6b, 0x00, 0xff, 0xd4, 0x69, 0x00, 0xff, 0xd4, 0x67, 0x00, 0xff,
    0xd3, 0x65, 0x00, 0xff, 0xd3, 0x62, 0x00, 0xff, 0xd2, 0x60, 0x00, 0xff, 0xd2, 0x5e, 0x00, 0xff,
    0xd1, 0x5c, 0x00, 0xff, 0xd1, 0x59, 0x00, 0xff, 0xd1, 0x57, 0x00, 0xff, 0xd0, 0x55, 0x00, 0xff,
    0xd0, 0x53, 0x00, 0xff, 0xcf, 0x50, 0x00, 0xff, 0xcf, 0x4e, 0x00, 0xff, 0xce, 0x4c, 0x00, 0xff,
    0xce, 0x4a, 0x00, 0xff, 0xcd, 0x48, 0x00, 0xff, 0xcd, 0x45, 0x00, 0xff, 0xcc, 0x43, 0x00, 0xff,
    0xcc, 0x41, 0x00, 0xff, 0xcc, 0x3f, 0x00, 0xff, 0xcb, 0x3c, 0x00, 0xff, 0xca, 0x3a, 0x00, 0xff,
    0xca, 0x38, 0x00, 0xff, 0xc9, 0x36, 0x00, 0xff, 0xc9, 0x33, 0x00, 0xff, 0xc8, 0x31, 0x00, 0xff,
    0xc8, 0x2f, 0x00, 0xff, 0xc7, 0x2c, 0x00, 0xff, 0xc7, 0x2a, 0x00, 0xff, 0xc6, 0x28, 0x00, 0xff,
    0xc5, 0x26, 0x00, 0xff, 0xc5, 0x23, 0x00, 0xff, 0xc4, 0x21, 0x00, 0xff, 0xc4, 0x1f, 0x00, 0xff,
    0xc3, 0x1c, 0x00, 0xff, 0xc3, 0x1a, 0x00, 0xff, 0xc2, 0x18, 0x00, 0xff, 0xc2, 0x16, 0x00, 0xff,
    0xc1, 0x13, 0x00, 0xff, 0xc0, 0x11, 0x00, 0xff, 0xbf, 0x0f, 0x00, 0xff, 0xbf, 0x0c, 0x00, 0xff,
    0xbe, 0x0a, 0x00, 0xff, 0xbd, 0x08, 0x00, 0xff, 0xbd, 0x05, 0x00, 0xff, 0xbc, 0x03, 0x00, 0xff,
    0xbb, 0x01, 0x00, 0xff, 0xbb, 0x00, 0x00, 0xff, 0xba, 0x00, 0x00, 0xff, 0xb9, 0x00, 0x00, 0xff,
    0xb9, 0x00, 0x00, 0xff, 0xb8, 0x00, 0x00, 0xff, 0xb7, 0x00, 0x00, 0xff, 0xb7, 0x00, 0x00, 0xff,
    0xb6, 0x00, 0x00, 0xff, 0xb5, 0x00, 0x00, 0xff, 0xb4, 0x00, 0x00, 0xff, 0xb3, 0x00, 0x00, 0xff,
    0xb3, 0x00, 0x00, 0xff, 0xb2, 0x00, 0x00, 0xff, 0xb1, 0x00, 0x00, 0xff, 0xb0, 0x00, 0x00, 0xff,
    0xaf, 0x00, 0x00, 0xff, 0xae, 0x00, 0x00, 0xff, 0xae, 0x00, 0x00, 0xff, 0xad, 0x00, 0x00, 0xff,
    0xac, 0x00, 0x00, 0xff, 0xab, 0x00, 0x00, 0xff, 0xaa, 0x00, 0x00, 0xff, 0xa9, 0x00, 0x00, 0xff,
    0xa9, 0x00, 0x00, 0xff, 0xa8, 0x00, 0x00, 0xff, 0xa7, 0x00, 0x00, 0xff, 0xa6, 0x00, 0x00, 0xff,
    // Row 12: D3 Viridis
    0x44, 0x01, 0x54, 0xff, 0x44, 0x02, 0x56, 0xff, 0x45, 0x04, 0x57, 0xff, 0x45, 0x05, 0x59, 0xff,
    0x46, 0x07, 0x5a, 0xff, 0x46, 0x08, 0x5c, 0xff, 0x46, 0x0a, 0x5d, 0xff, 0x46, 0x0b, 0x5e, 0xff,
    0x47, 0x0d, 0x60, 0xff, 0x47, 0x0e, 0x61, 0xff, 0x47, 0x10, 0x63, 0xff, 0x47, 0x11, 0x64, 0xff,
    0x47, 0x13, 0x65, 0xff, 0x48, 0x14, 0x67, 0xff, 0x48, 0x16, 0x68, 0xff, 0x48, 0x17, 0x69, 0xff,
    0x48, 0x18, 0x6a, 0xff, 0x48, 0x1a, 0x6c, 0xff, 0x48, 0x1b, 0x6d, 0xff, 0x48, 0x1c, 0x6e, 0xff,
    0x48, 0x1d, 0x6f, 0xff, 0x48, 0x1f, 0x70, 0xff, 0x48, 0x20, 0x71, 0xff, 0x48, 0x21, 0x73, 0xff,
    0x48, 0x23, 0x74, 0xff, 0x48, 0x24, 0x75, 0xff, 0x48, 0x25, 0x76, 0xff, 0x48, 0x26, 0x77, 0xff,
    0x48, 0x28, 0x78, 0xff, 0x48, 0x29, 0x79, 0xff, 0x47, 0x2a, 0x7a, 0xff, 0x47, 0x2c, 0x7a, 0xff,
    0x47, 0x2d, 0x7b, 0xff, 0x47, 0x2e, 0x7c, 0xff, 0x47, 0x2f, 0x7d, 0xff, 0x46, 0x30, 0x7e, 0xff,
    0x46, 0x32, 0x7e, 0xff, 0x46, 0x33, 0x7f, 0xff, 0x46, 0x34, 0x80, 0xff, 0x45, 0x35, 0x81, 0xff,
    0x45, 0x37, 0x81, 0xff, 0x45, 0x38, 0x82, 0xff, 0x44, 0x39, 0x83, 0xff, 0x44, 0x3a, 0x83, 0xff,
    0x44, 0x3b, 0x84, 0xff, 0x43, 0x3d, 0x84, 0xff, 0x43, 0x3e, 0x85, 0xff, 0x42, 0x3f, 0x85, 0xff,
    0x42, 0x40, 0x86, 0xff, 0x42, 0x41, 0x86, 0xff, 0x41, 0x42, 0x87, 0xff, 0x41, 0x44, 0x87, 0xff,
    0x40, 0x45, 0x88, 0xff, 0x40, 0x46, 0x88, 0xff, 0x3f, 0x47, 0x88, 0xff, 0x3f, 0x48, 0x89, 0xff,
    0x3e, 0x49, 0x89, 0xff, 0x3e, 0x4a, 0x89, 0xff, 0x3e, 0x4c, 0x8a, 0xff, 0x3d, 0x4d, 0x8a, 0xff,
    0x3d, 0x4e, 0x8a, 0xff, 0x3c, 0x4f, 0x8a, 0xff, 0x3c, 0x50, 0x8b, 0xff, 0x3b, 0x51, 0x8b, 0xff,
    0x3b, 0x52, 0x8b, 0xff, 0x3a, 0x53, 0x8b, 0xff, 0x3a, 0x54, 0x8c, 0xff, 0x39, 0x55, 0x8c, 0xff,
    0x39, 0x56, 0x8c, 0xff, 0x38, 0x58, 0x8c, 0xff, 0x38, 0x59, 0x8c, 0xff, 0x37, 0x5a, 0x8c, 0xff,
    0x37, 0x5b, 0x8d, 0xff, 0x36, 0x5c, 0x8d, 0xff, 0x36, 0x5d, 0x8d, 0xff, 0x35, 0x5e, 0x8d, 0xff,
    0x35, 0x5f, 0x8d, 0xff, 0x34, 0x60, 0x8d, 0xff, 0x34, 0x61, 0x8d, 0xff, 0x33, 0x62, 0x8d, 0xff,
    0x33, 0x63, 0x8d, 0xff, 0x32, 0x64, 0x8e, 0xff, 0x32, 0x65, 0x8e, 0xff, 0x31, 0x66, 0x8e, 0xff,
    0x31, 0x67, 0x8e, 0xff, 0x31, 0x68, 0x8e, 0xff, 0x30, 0x69, 0x8e, 0xff, 0x30, 0x6a, 0x8e, 0xff,
    0x2f, 0x6b, 0x8e, 0xff, 0x2f, 0x6c, 0x8e, 0xff, 0x2e, 0x6d, 0x8e, 0xff, 0x2e, 0x6e, 0x8e, 0xff,
    0x2e, 0x6f, 0x8e, 0xff, 0x2d, 0x70, 0x8e, 0xff, 0x2d, 0x71, 0x8e, 0xff, 0x2c, 0x71, 0x8e, 0xff,
    0x2c, 0x72, 0x8e, 0xff, 0x2c, 0x73, 0x8e, 0xff, 0x2b, 0x74, 0x8e, 0xff, 0x2b, 0x75, 0x8e, 0xff,
    0x2a, 0x76, 0x8e, 0xff, 0x2a, 0x77, 0x8e, 0xff, 0x2a, 0x78, 0x8e, 0xff, 0x29, 0x79, 0x8e, 0xff,
    0x29, 0x7a, 0x8e, 0xff, 0x29, 0x7b, 0x8e, 0xff, 0x28, 0x7c, 0x8e, 0xff, 0x28, 0x7d, 0x8e, 0xff,
    0x27, 0x7e, 0x8e, 0xff, 0x27, 0x7f, 0x8e, 0xff, 0x27, 0x80, 0x8e, 0xff, 0x26, 0x81, 0x8e, 0xff,
    0x26, 0x82, 0x8e, 0xff, 0x26, 0x82, 0x8e, 0xff, 0x25, 0x83, 0x8e, 0xff, 0x25, 0x84, 0x8e, 0xff,
    0x25, 0x85, 0x8e, 0xff, 0x24, 0x86, 0x8e, 0xff, 0x24, 0x87, 0x8e, 0xff, 0x23, 0x88, 0x8e, 0xff,
    0x23, 0x89, 0x8e, 0xff, 0x23, 0x8a, 0x8d, 0xff, 0x22, 0x8b, 0x8d, 0xff, 0x22, 0x8c, 0x8d, 0xff,
    0x22, 0x8d, 0x8d, 0xff, 0x21, 0x8e, 0x8d, 0xff, 0x21, 0x8f, 0x8d, 0xff, 0x21, 0x90, 0x8d, 0xff,
    0x21, 0x91, 0x8c, 0xff, 0x20, 0x92, 0x8c, 0xff, 0x20, 0x92, 0x8c, 0xff, 0x20, 0x93, 0x8c, 0xff,
    0x1f, 0x94, 0x8c, 0xff, 0x1f, 0x95, 0x8b, 0xff, 0x1f, 0x96, 0x8b, 0xff, 0x1f, 0x97, 0x8b, 0xff,
    0x1f, 0x98, 0x8b, 0xff, 0x1f, 0x99, 0x8a, 0xff, 0x1f, 0x9a, 0x8a, 0xff, 0x1e, 0x9b, 0x8a, 0xff,
    0x1e, 0x9c, 0x89, 0xff, 0x1e, 0x9d, 0x89, 0xff, 0x1f, 0x9e, 0x89, 0xff, 0x1f, 0x9f, 0x88, 0xff,
    0x1f, 0xa0, 0x88, 0xff, 0x1f, 0xa1, 0x88, 0xff, 0x1f, 0xa1, 0x87, 0xff, 0x1f, 0xa2, 0x87, 0xff,
    0x20, 0xa3, 0x86, 0xff, 0x20, 0xa4, 0x86, 0xff, 0x21, 0xa5, 0x85, 0xff, 0x21, 0xa6, 0x85, 0xff,
    0x22, 0xa7, 0x85, 0xff, 0x22, 0xa8, 0x84, 0xff, 0x23, 0xa9, 0x83, 0xff, 0x24, 0xaa, 0x83, 0xff,
    0x25, 0xab, 0x82, 0xff, 0x25, 0xac, 0x82, 0xff, 0x26, 0xad, 0x81, 0xff, 0x27, 0xad, 0x81, 0xff,
    0x28, 0xae, 0x80, 0xff, 0x29, 0xaf, 0x7f, 0xff, 0x2a, 0xb0, 0x7f, 0xff, 0x2c, 0xb1, 0x7e, 0xff,
    0x2d, 0xb2, 0x7d, 0xff, 0x2e, 0xb3, 0x7c, 0xff, 0x2f, 0xb4, 0x7c, 0xff, 0x31, 0xb5, 0x7b, 0xff,
    0x32, 0xb6, 0x7a, 0xff, 0x34, 0xb6, 0x79, 0xff, 0x35, 0xb7, 0x79, 0xff, 0x37, 0xb8, 0x78, 0xff,
    0x38, 0xb9, 0x77, 0xff, 0x3a, 0xba, 0x76, 0xff, 0x3b, 0xbb, 0x75, 0xff, 0x3d, 0xbc, 0x74, 0xff,
    0x3f, 0xbc, 0x73, 0xff, 0x40, 0xbd, 0x72, 0xff, 0x42, 0xbe, 0x71, 0xff, 0x44, 0xbf, 0x70, 0xff,
    0x46, 0xc0, 0x6f, 0xff, 0x48, 0xc1, 0x6e, 0xff, 0x4a, 0xc1, 0x6d, 0xff, 0x4c, 0xc2, 0x6c, 0xff,
    0x4e, 0xc3, 0x6b, 0xff, 0x50, 0xc4, 0x6a, 0xff, 0x52, 0xc5, 0x69, 0xff, 0x54, 0xc5, 0x68, 0xff,
    0x56, 0xc6, 0x67, 0xff, 0x58, 0xc7, 0x65, 0xff, 0x5a, 0xc8, 0x64, 0xff, 0x5c, 0xc8, 0x63, 0xff,
    0x5e, 0xc9, 0x62, 0xff, 0x60, 0xca, 0x60, 0xff, 0x63, 0xcb, 0x5f, 0xff, 0x65, 0xcb, 0x5e, 0xff,
    0x67, 0xcc, 0x5c, 0xff, 0x69, 0xcd, 0x5b, 0xff, 0x6c, 0xcd, 0x5a, 0xff, 0x6e, 0xce, 0x58, 0xff,
    0x70, 0xcf, 0x57, 0xff, 0x73, 0xd0, 0x56, 0xff, 0x75, 0xd0, 0x54, 0xff, 0x77, 0xd1, 0x53, 0xff,
    0x7a, 0xd1, 0x51, 0xff, 0x7c, 0xd2, 0x50, 0xff, 0x7f, 0xd3, 0x4e, 0xff, 0x81, 0xd3, 0x4d, 0xff,
    0x84, 0xd4, 0x4b, 0xff, 0x86, 0xd5, 0x49, 0xff, 0x89, 0xd5, 0x48, 0xff, 0x8b, 0xd6, 0x46, 0xff,
    0x8e, 0xd6, 0x45, 0xff, 0x90, 0xd7, 0x43, 0xff, 0x93, 0xd7, 0x41, 0xff, 0x95, 0xd8, 0x40, 0xff,
    0x98, 0xd8, 0x3e, 0xff, 0x9b, 0xd9, 0x3c, 0xff, 0x9d, 0xd9, 0x3b, 0xff, 0xa0, 0xda, 0x39, 0xff,
    0xa2, 0xda, 0x37, 0xff, 0xa5, 0xdb, 0x36, 0xff, 0xa8, 0xdb, 0x34, 0xff, 0xaa, 0xdc, 0x32, 0xff,
    0xad, 0xdc, 0x30, 0xff, 0xb0, 0xdd, 0x2f, 0xff, 0xb2, 0xdd, 0x2d, 0xff, 0xb5, 0xde, 0x2b, 0xff,
    0xb8, 0xde, 0x29, 0xff, 0xba, 0xde, 0x28, 0xff, 0xbd, 0xdf, 0x26, 0xff, 0xc0, 0xdf, 0x25, 0xff,
    0xc2, 0xdf, 0x23, 0xff, 0xc5, 0xe0, 0x21, 0xff, 0xc8, 0xe0, 0x20, 0xff, 0xca, 0xe1, 0x1f, 0xff,
    0xcd, 0xe1, 0x1d, 0xff, 0xd0, 0xe1, 0x1c, 0xff, 0xd2, 0xe2, 0x1b, 0xff, 0xd5, 0xe2, 0x1a, 0xff,
    0xd8, 0xe2, 0x19, 0xff, 0xda, 0xe3, 0x19, 0xff, 0xdd, 0xe3, 0x18, 0xff, 0xdf, 0xe3, 0x18, 0xff,
    0xe2, 0xe4, 0x18, 0xff, 0xe5, 0xe4, 0x19, 0xff, 0xe7, 0xe4, 0x19, 0xff, 0xea, 0xe5, 0x1a, 0xff,
    0xec, 0xe5, 0x1b, 0xff, 0xef, 0xe5, 0x1c, 0xff, 0xf1, 0xe5, 0x1d, 0xff, 0xf4, 0xe6, 0x1e, 0xff,
    0xf6, 0xe6, 0x20, 0xff, 0xf8, 0xe6, 0x21, 0xff, 0xfb, 0xe7, 0x23, 0xff, 0xfd, 0xe7, 0x25, 0xff,
    // Row 13: D3 Cividis
    0x00, 0x20, 0x51, 0xff, 0x00, 0x21, 0x53, 0xff, 0x00, 0x22, 0x55, 0xff, 0x00, 0x23, 0x56, 0xff,
    0x00, 0x23, 0x58, 0xff, 0x00, 0x24, 0x59, 0xff, 0x00, 0x25, 0x5a, 0xff, 0x00, 0x25, 0x5c, 0xff,
    0x00, 0x26, 0x5d, 0xff, 0x00, 0x27, 0x5e, 0xff, 0x00, 0x27, 0x5f, 0xff, 0x00, 0x28, 0x60, 0xff,
    0x00, 0x29, 0x61, 0xff, 0x00, 0x29, 0x62, 0xff, 0x00, 0x2a, 0x63, 0xff, 0x00, 0x2b, 0x64, 0xff,
    0x01, 0x2b, 0x65, 0xff, 0x02, 0x2c, 0x65, 0xff, 0x03, 0x2d, 0x66, 0xff, 0x04, 0x2d, 0x67, 0xff,
    0x05, 0x2e, 0x67, 0xff, 0x05, 0x2f, 0x68, 0xff, 0x06, 0x30, 0x69, 0xff, 0x07, 0x30, 0x69, 0xff,
    0x08, 0x31, 0x6a, 0xff, 0x09, 0x32, 0x6a, 0xff, 0x0b, 0x32, 0x6a, 0xff, 0x0c, 0x33, 0x6b, 0xff,
    0x0d, 0x34, 0x6b, 0xff, 0x0e, 0x34, 0x6b, 0xff, 0x0f, 0x35, 0x6c, 0xff, 0x10, 0x36, 0x6c, 0xff,
    0x12, 0x37, 0x6c, 0xff, 0x13, 0x37, 0x6d, 0xff, 0x14, 0x38, 0x6d, 0xff, 0x15, 0x39, 0x6d, 0xff,
    0x17, 0x39, 0x6d, 0xff, 0x18, 0x3a, 0x6d, 0xff, 0x19, 0x3b, 0x6d, 0xff, 0x1a, 0x3b, 0x6d, 0xff,
    0x1c, 0x3c, 0x6e, 0xff, 0x1d, 0x3d, 0x6e, 0xff, 0x1e, 0x3e, 0x6e, 0xff, 0x20, 0x3e, 0x6e, 0xff,
    0x21, 0x3f, 0x6e, 0xff, 0x23, 0x40, 0x6e, 0xff, 0x24, 0x40, 0x6e, 0xff, 0x25, 0x41, 0x6e, 0xff,
    0x27, 0x42, 0x6e, 0xff, 0x28, 0x43, 0x6e, 0xff, 0x29, 0x43, 0x6e, 0xff, 0x2b, 0x44, 0x6e, 0xff,
    0x2c, 0x45, 0x6e, 0xff, 0x2e, 0x45, 0x6e, 0xff, 0x2f, 0x46, 0x6e, 0xff, 0x30, 0x47, 0x6e, 0xff,
    0x32, 0x48, 0x6e, 0xff, 0x33, 0x48, 0x6e, 0xff, 0x34, 0x49, 0x6e, 0xff, 0x36, 0x4a, 0x6e, 0xff,
    0x37, 0x4a, 0x6e, 0xff, 0x39, 0x4b, 0x6e, 0xff, 0x3a, 0x4c, 0x6e, 0xff, 0x3b, 0x4d, 0x6e, 0xff,
    0x3d, 0x4d, 0x6e, 0xff, 0x3e, 0x4e, 0x6e, 0xff, 0x3f, 0x4f, 0x6e, 0xff, 0x41, 0x4f, 0x6e, 0xff,
    0x42, 0x50, 0x6e, 0xff, 0x43, 0x51, 0x6d, 0xff, 0x44, 0x52, 0x6d, 0xff, 0x46, 0x52, 0x6d, 0xff,
    0x47, 0x53, 0x6d, 0xff, 0x48, 0x54, 0x6d, 0xff, 0x4a, 0x54, 0x6d, 0xff, 0x4b, 0x55, 0x6d, 0xff,
    0x4c, 0x56, 0x6d, 0xff, 0x4d, 0x57, 0x6d, 0xff, 0x4e, 0x57, 0x6e, 0xff, 0x50, 0x58, 0x6e, 0xff,
    0x51, 0x59, 0x6e, 0xff, 0x52, 0x59, 0x6e, 0xff, 0x53, 0x5a, 0x6e, 0xff, 0x54, 0x5b, 0x6e, 0xff,
    0x56, 0x5c, 0x6e, 0xff, 0x57, 0x5c, 0x6e, 0xff, 0x58, 0x5d, 0x6e, 0xff, 0x59, 0x5e, 0x6e, 0xff,
    0x5a, 0x5e, 0x6e, 0xff, 0x5b, 0x5f, 0x6e, 0xff, 0x5c, 0x60, 0x6e, 0xff, 0x5d, 0x61, 0x6e, 0xff,
    0x5e, 0x61, 0x6e, 0xff, 0x60, 0x62, 0x6e, 0xff, 0x61, 0x63, 0x6f, 0xff, 0x62, 0x64, 0x6f, 0xff,
    0x63, 0x64, 0x6f, 0xff, 0x64, 0x65, 0x6f, 0xff, 0x65, 0x66, 0x6f, 0xff, 0x66, 0x66, 0x6f, 0xff,
    0x67, 0x67, 0x6f, 0xff, 0x68, 0x68, 0x70, 0xff, 0x69, 0x69, 0x70, 0xff, 0x6a, 0x69, 0x70, 0xff,
    0x6b, 0x6a, 0x70, 0xff, 0x6c, 0x6b, 0x70, 0xff, 0x6d, 0x6c, 0x70, 0xff, 0x6d, 0x6c, 0x71, 0xff,
    0x6e, 0x6d, 0x71, 0xff, 0x6f, 0x6e, 0x71, 0xff, 0x70, 0x6f, 0x71, 0xff, 0x71, 0x6f, 0x71, 0xff,
    0x72, 0x70, 0x71, 0xff, 0x73, 0x71, 0x72, 0xff, 0x74, 0x71, 0x72, 0xff, 0x75, 0x72, 0x72, 0xff,
    0x76, 0x73, 0x72, 0xff, 0x76, 0x74, 0x72, 0xff, 0x77, 0x74, 0x73, 0xff, 0x78, 0x75, 0x73, 0xff,
    0x79, 0x76, 0x73, 0xff, 0x7a, 0x77, 0x73, 0xff, 0x7b, 0x77, 0x74, 0xff, 0x7b, 0x78, 0x74, 0xff,
    0x7c, 0x79, 0x74, 0xff, 0x7d, 0x7a, 0x74, 0xff, 0x7e, 0x7a, 0x74, 0xff, 0x7f, 0x7b, 0x75, 0xff,
    0x80, 0x7c, 0x75, 0xff, 0x80, 0x7d, 0x75, 0xff, 0x81, 0x7d, 0x75, 0xff, 0x82, 0x7e, 0x75, 0xff,
    0x83, 0x7f, 0x76, 0xff, 0x84, 0x80, 0x76, 0xff, 0x85, 0x80, 0x76, 0xff, 0x85, 0x81, 0x76, 0xff,
    0x86, 0x82, 0x76, 0xff, 0x87, 0x83, 0x76, 0xff, 0x88, 0x84, 0x77, 0xff, 0x89, 0x84, 0x77, 0xff,
    0x89, 0x85, 0x77, 0xff, 0x8a, 0x86, 0x77, 0xff, 0x8b, 0x87, 0x77, 0xff, 0x8c, 0x87, 0x77, 0xff,
    0x8d, 0x88, 0x77, 0xff, 0x8e, 0x89, 0x78, 0xff, 0x8e, 0x8a, 0x78, 0xff, 0x8f, 0x8a, 0x78, 0xff,
    0x90, 0x8b, 0x78, 0xff, 0x91, 0x8c, 0x78, 0xff, 0x92, 0x8d, 0x78, 0xff, 0x93, 0x8e, 0x78, 0xff,
    0x93, 0x8e, 0x78, 0xff, 0x94, 0x8f, 0x78, 0xff, 0x95, 0x90, 0x78, 0xff, 0x96, 0x91, 0x78, 0xff,
    0x97, 0x92, 0x78, 0xff, 0x98, 0x92, 0x78, 0xff, 0x99, 0x93, 0x78, 0xff, 0x9a, 0x94, 0x78, 0xff,
    0x9b, 0x95, 0x78, 0xff, 0x9b, 0x96, 0x78, 0xff, 0x9c, 0x96, 0x78, 0xff, 0x9d, 0x97, 0x78, 0xff,
    0x9e, 0x98, 0x78, 0xff, 0x9f, 0x99, 0x78, 0xff, 0xa0, 0x9a, 0x78, 0xff, 0xa1, 0x9a, 0x78, 0xff,
    0xa2, 0x9b, 0x78, 0xff, 0xa3, 0x9c, 0x78, 0xff, 0xa4, 0x9d, 0x78, 0xff, 0xa5, 0x9e, 0x77, 0xff,
    0xa6, 0x9e, 0x77, 0xff, 0xa7, 0x9f, 0x77, 0xff, 0xa8, 0xa0, 0x77, 0xff, 0xa9, 0xa1, 0x77, 0xff,
    0xaa, 0xa2, 0x76, 0xff, 0xab, 0xa3, 0x76, 0xff, 0xac, 0xa3, 0x76, 0xff, 0xad, 0xa4, 0x76, 0xff,
    0xae, 0xa5, 0x75, 0xff, 0xaf, 0xa6, 0x75, 0xff, 0xb0, 0xa7, 0x75, 0xff, 0xb2, 0xa8, 0x74, 0xff,
    0xb3, 0xa8, 0x74, 0xff, 0xb4, 0xa9, 0x74, 0xff, 0xb5, 0xaa, 0x73, 0xff, 0xb6, 0xab, 0x73, 0xff,
    0xb7, 0xac, 0x72, 0xff, 0xb8, 0xad, 0x72, 0xff, 0xba, 0xae, 0x72, 0xff, 0xbb, 0xae, 0x71, 0xff,
    0xbc, 0xaf, 0x71, 0xff, 0xbd, 0xb0, 0x70, 0xff, 0xbe, 0xb1, 0x70, 0xff, 0xbf, 0xb2, 0x6f, 0xff,
    0xc1, 0xb3, 0x6f, 0xff, 0xc2, 0xb4, 0x6e, 0xff, 0xc3, 0xb5, 0x6d, 0xff, 0xc4, 0xb5, 0x6d, 0xff,
    0xc5, 0xb6, 0x6c, 0xff, 0xc7, 0xb7, 0x6c, 0xff, 0xc8, 0xb8, 0x6b, 0xff, 0xc9, 0xb9, 0x6a, 0xff,
    0xca, 0xba, 0x6a, 0xff, 0xcc, 0xbb, 0x69, 0xff, 0xcd, 0xbc, 0x68, 0xff, 0xce, 0xbc, 0x68, 0xff,
    0xcf, 0xbd, 0x67, 0xff, 0xd1, 0xbe, 0x66, 0xff, 0xd2, 0xbf, 0x66, 0xff, 0xd3, 0xc0, 0x65, 0xff,
    0xd4, 0xc1, 0x64, 0xff, 0xd6, 0xc2, 0x63, 0xff, 0xd7, 0xc3, 0x63, 0xff, 0xd8, 0xc4, 0x62, 0xff,
    0xd9, 0xc5, 0x61, 0xff, 0xdb, 0xc6, 0x60, 0xff, 0xdc, 0xc6, 0x60, 0xff, 0xdd, 0xc7, 0x5f, 0xff,
    0xde, 0xc8, 0x5e, 0xff, 0xe0, 0xc9, 0x5d, 0xff, 0xe1, 0xca, 0x5c, 0xff, 0xe2, 0xcb, 0x5c, 0xff,
    0xe3, 0xcc, 0x5b, 0xff, 0xe4, 0xcd, 0x5a, 0xff, 0xe6, 0xce, 0x59, 0xff, 0xe7, 0xcf, 0x58, 0xff,
    0xe8, 0xd0, 0x58, 0xff, 0xe9, 0xd1, 0x57, 0xff, 0xea, 0xd2, 0x56, 0xff, 0xeb, 0xd3, 0x55, 0xff,
    0xec, 0xd4, 0x54, 0xff, 0xed, 0xd4, 0x53, 0xff, 0xee, 0xd5, 0x53, 0xff, 0xf0, 0xd6, 0x52, 0xff,
    0xf1, 0xd7, 0x51, 0xff, 0xf1, 0xd8, 0x50, 0xff, 0xf2, 0xd9, 0x50, 0xff, 0xf3, 0xda, 0x4f, 0xff,
    0xf4, 0xdb, 0x4e, 0xff, 0xf5, 0xdc, 0x4d, 0xff, 0xf6, 0xdd, 0x4d, 0xff, 0xf7, 0xde, 0x4c, 0xff,
    0xf8, 0xdf, 0x4b, 0xff, 0xf8, 0xe0, 0x4b, 0xff, 0xf9, 0xe1, 0x4a, 0xff, 0xfa, 0xe2, 0x49, 0xff,
    0xfa, 0xe3, 0x49, 0xff, 0xfb, 0xe4, 0x48, 0xff, 0xfb, 0xe5, 0x48, 0xff, 0xfc, 0xe6, 0x47, 0xff,
    0xfc, 0xe7, 0x46, 0xff, 0xfd, 0xe8, 0x46, 0xff, 0xfd, 0xe9, 0x46, 0xff, 0xfd, 0xea, 0x45, 0xff,
    // Row 14: D3 Inferno
    0x00, 0x00, 0x04, 0xff, 0x01, 0x00, 0x05, 0xff, 0x01, 0x01, 0x06, 0xff, 0x01, 0x01, 0x08, 0xff,
    0x02, 0x01, 0x0a, 0xff, 0x02, 0x02, 0x0c, 0xff, 0x02, 0x02, 0x0e, 0xff, 0x03, 0x02, 0x10, 0xff,
    0x04, 0x03, 0x12, 0xff, 0x04, 0x03, 0x14, 0xff, 0x05, 0x04, 0x17, 0xff, 0x06, 0x04, 0x19, 0xff,
    0x07, 0x05, 0x1b, 0xff, 0x08, 0x05, 0x1d, 0xff, 0x09, 0x06, 0x1f, 0xff, 0x0a, 0x07, 0x22, 0xff,
    0x0b, 0x07, 0x24, 0xff, 0x0c, 0x08, 0x26, 0xff, 0x0d, 0x08, 0x29, 0xff, 0x0e, 0x09, 0x2b, 0xff,
    0x10, 0x09, 0x2d, 0xff, 0x11, 0x0a, 0x30, 0xff, 0x12, 0x0a, 0x32, 0xff, 0x14, 0x0b, 0x34, 0xff,
    0x15, 0x0b, 0x37, 0xff, 0x16, 0x0b, 0x39, 0xff, 0x18, 0x0c, 0x3c, 0xff, 0x19, 0x0c, 0x3e, 0xff,
    0x1b, 0x0c, 0x41, 0xff, 0x1c, 0x0c, 0x43, 0xff, 0x1e, 0x0c, 0x45, 0xff, 0x1f, 0x0c, 0x48, 0xff,
    0x21, 0x0c, 0x4a, 0xff, 0x23, 0x0c, 0x4c, 0xff, 0x24, 0x0c, 0x4f, 0xff, 0x26, 0x0c, 0x51, 0xff,
    0x28, 0x0b, 0x53, 0xff, 0x29, 0x0b, 0x55, 0xff, 0x2b, 0x0b, 0x57, 0xff, 0x2d, 0x0b, 0x59, 0xff,
    0x2f, 0x0a, 0x5b, 0xff, 0x31, 0x0a, 0x5c, 0xff, 0x32, 0x0a, 0x5e, 0xff, 0x34, 0x0a, 0x5f, 0xff,
    0x36, 0x09, 0x61, 0xff, 0x38, 0x09, 0x62, 0xff, 0x39, 0x09, 0x63, 0xff, 0x3b, 0x09, 0x64, 0xff,
    0x3d, 0x09, 0x65, 0xff, 0x3e, 0x09, 0x66, 0xff, 0x40, 0x0a, 0x67, 0xff, 0x42, 0x0a, 0x68, 0xff,
    0x44, 0x0a, 0x68, 0xff, 0x45, 0x0a, 0x69, 0xff, 0x47, 0x0b, 0x6a, 0xff, 0x49, 0x0b, 0x6a, 0xff,
    0x4a, 0x0c, 0x6b, 0xff, 0x4c, 0x0c, 0x6b, 0xff, 0x4d, 0x0d, 0x6c, 0xff, 0x4f, 0x0d, 0x6c, 0xff,
    0x51, 0x0e, 0x6c, 0xff, 0x52, 0x0e, 0x6d, 0xff, 0x54, 0x0f, 0x6d, 0xff, 0x55, 0x0f, 0x6d, 0xff,
    0x57, 0x10, 0x6e, 0xff, 0x59, 0x10, 0x6e, 0xff, 0x5a, 0x11, 0x6e, 0xff, 0x5c, 0x12, 0x6e, 0xff,
    0x5d, 0x12, 0x6e, 0xff, 0x5f, 0x13, 0x6e, 0xff, 0x61, 0x13, 0x6e, 0xff, 0x62, 0x14, 0x6e, 0xff,
    0x64, 0x15, 0x6e, 0xff, 0x65, 0x15, 0x6e, 0xff, 0x67, 0x16, 0x6e, 0xff, 0x69, 0x16, 0x6e, 0xff,
    0x6a, 0x17, 0x6e, 0xff, 0x6c, 0x18, 0x6e, 0xff, 0x6d, 0x18, 0x6e, 0xff, 0x6f, 0x19, 0x6e, 0xff,
    0x71, 0x19, 0x6e, 0xff, 0x72, 0x1a, 0x6e, 0xff, 0x74, 0x1a, 0x6e, 0xff, 0x75, 0x1b, 0x6e, 0xff,
    0x77, 0x1c, 0x6d, 0xff, 0x78, 0x1c, 0x6d, 0xff, 0x7a, 0x1d, 0x6d, 0xff, 0x7c, 0x1d, 0x6d, 0xff,
    0x7d, 0x1e, 0x6d, 0xff, 0x7f, 0x1e, 0x6c, 0xff, 0x80, 0x1f, 0x6c, 0xff, 0x82, 0x20, 0x6c, 0xff,
    0x84, 0x20, 0x6b, 0xff, 0x85, 0x21, 0x6b, 0xff, 0x87, 0x21, 0x6b, 0xff, 0x88, 0x22, 0x6a, 0xff,
    0x8a, 0x22, 0x6a, 0xff, 0x8c, 0x23, 0x69, 0xff, 0x8d, 0x23, 0x69, 0xff, 0x8f, 0x24, 0x69, 0xff,
    0x90, 0x25, 0x68, 0xff, 0x92, 0x25, 0x68, 0xff, 0x93, 0x26, 0x67, 0xff, 0x95, 0x26, 0x67, 0xff,
    0x97, 0x27, 0x66, 0xff, 0x98, 0x27, 0x66, 0xff, 0x9a, 0x28, 0x65, 0xff, 0x9b, 0x29, 0x64, 0xff,
    0x9d, 0x29, 0x64, 0xff, 0x9f, 0x2a, 0x63, 0xff, 0xa0, 0x2a, 0x63, 0xff, 0xa2, 0x2b, 0x62, 0xff,
    0xa3, 0x2c, 0x61, 0xff, 0xa5, 0x2c, 0x60, 0xff, 0xa6, 0x2d, 0x60, 0xff, 0xa8, 0x2e, 0x5f, 0xff,
    0xa9, 0x2e, 0x5e, 0xff, 0xab, 0x2f, 0x5e, 0xff, 0xad, 0x30, 0x5d, 0xff, 0xae, 0x30, 0x5c, 0xff,
    0xb0, 0x31, 0x5b, 0xff, 0xb1, 0x32, 0x5a, 0xff, 0xb3, 0x32, 0x5a, 0xff, 0xb4, 0x33, 0x59, 0xff,
    0xb6, 0x34, 0x58, 0xff, 0xb7, 0x35, 0x57, 0xff, 0xb9, 0x35, 0x56, 0xff, 0xba, 0x36, 0x55, 0xff,
    0xbc, 0x37, 0x54, 0xff, 0xbd, 0x38, 0x53, 0xff, 0xbf, 0x39, 0x52, 0xff, 0xc0, 0x3a, 0x51, 0xff,
    0xc1, 0x3a, 0x50, 0xff, 0xc3, 0x3b, 0x4f, 0xff, 0xc4, 0x3c, 0x4e, 0xff, 0xc6, 0x3d, 0x4d, 0xff,
    0xc7, 0x3e, 0x4c, 0xff, 0xc8, 0x3f, 0x4b, 0xff, 0xca, 0x40, 0x4a, 0xff, 0xcb, 0x41, 0x49, 0xff,
    0xcc, 0x42, 0x48, 0xff, 0xce, 0x43, 0x47, 0xff, 0xcf, 0x44, 0x46, 0xff, 0xd0, 0x45, 0x45, 0xff,
    0xd2, 0x46, 0x44, 0xff, 0xd3, 0x47, 0x43, 0xff, 0xd4, 0x48, 0x42, 0xff, 0xd5, 0x4a, 0x41, 0xff,
    0xd7, 0x4b, 0x3f, 0xff, 0xd8, 0x4c, 0x3e, 0xff, 0xd9, 0x4d, 0x3d, 0xff, 0xda, 0x4e, 0x3c, 0xff,
    0xdb, 0x50, 0x3b, 0xff, 0xdd, 0x51, 0x3a, 0xff, 0xde, 0x52, 0x38, 0xff, 0xdf, 0x53, 0x37, 0xff,
    0xe0, 0x55, 0x36, 0xff, 0xe1, 0x56, 0x35, 0xff, 0xe2, 0x57, 0x34, 0xff, 0xe3, 0x59, 0x33, 0xff,
    0xe4, 0x5a, 0x31, 0xff, 0xe5, 0x5c, 0x30, 0xff, 0xe6, 0x5d, 0x2f, 0xff, 0xe7, 0x5e, 0x2e, 0xff,
    0xe8, 0x60, 0x2d, 0xff, 0xe9, 0x61, 0x2b, 0xff, 0xea, 0x63, 0x2a, 0xff, 0xeb, 0x64, 0x29, 0xff,
    0xeb, 0x66, 0x28, 0xff, 0xec, 0x67, 0x26, 0xff, 0xed, 0x69, 0x25, 0xff, 0xee, 0x6a, 0x24, 0xff,
    0xef, 0x6c, 0x23, 0xff, 0xef, 0x6e, 0x21, 0xff, 0xf0, 0x6f, 0x20, 0xff, 0xf1, 0x71, 0x1f, 0xff,
    0xf1, 0x73, 0x1d, 0xff, 0xf2, 0x74, 0x1c, 0xff, 0xf3, 0x76, 0x1b, 0xff, 0xf3, 0x78, 0x19, 0xff,
    0xf4, 0x79, 0x18, 0xff, 0xf5, 0x7b, 0x17, 0xff, 0xf5, 0x7d, 0x15, 0xff, 0xf6, 0x7e, 0x14, 0xff,
    0xf6, 0x80, 0x13, 0xff, 0xf7, 0x82, 0x12, 0xff, 0xf7, 0x84, 0x10, 0xff, 0xf8, 0x85, 0x0f, 0xff,
    0xf8, 0x87, 0x0e, 0xff, 0xf8, 0x89, 0x0c, 0xff, 0xf9, 0x8b, 0x0b, 0xff, 0xf9, 0x8c, 0x0a, 0xff,
    0xf9, 0x8e, 0x09, 0xff, 0xfa, 0x90, 0x08, 0xff, 0xfa, 0x92, 0x07, 0xff, 0xfa, 0x94, 0x07, 0xff,
    0xfb, 0x96, 0x06, 0xff, 0xfb, 0x97, 0x06, 0xff, 0xfb, 0x99, 0x06, 0xff, 0xfb, 0x9b, 0x06, 0xff,
    0xfb, 0x9d, 0x07, 0xff, 0xfc, 0x9f, 0x07, 0xff, 0xfc, 0xa1, 0x08, 0xff, 0xfc, 0xa3, 0x09, 0xff,
    0xfc, 0xa5, 0x0a, 0xff, 0xfc, 0xa6, 0x0c, 0xff, 0xfc, 0xa8, 0x0d, 0xff, 0xfc, 0xaa, 0x0f, 0xff,
    0xfc, 0xac, 0x11, 0xff, 0xfc, 0xae, 0x12, 0xff, 0xfc, 0xb0, 0x14, 0xff, 0xfc, 0xb2, 0x16, 0xff,
    0xfc, 0xb4, 0x18, 0xff, 0xfb, 0xb6, 0x1a, 0xff, 0xfb, 0xb8, 0x1d, 0xff, 0xfb, 0xba, 0x1f, 0xff,
    0xfb, 0xbc, 0x21, 0xff, 0xfb, 0xbe, 0x23, 0xff, 0xfa, 0xc0, 0x26, 0xff, 0xfa, 0xc2, 0x28, 0xff,
    0xfa, 0xc4, 0x2a, 0xff, 0xfa, 0xc6, 0x2d, 0xff, 0xf9, 0xc7, 0x2f, 0xff, 0xf9, 0xc9, 0x32, 0xff,
    0xf9, 0xcb, 0x35, 0xff, 0xf8, 0xcd, 0x37, 0xff, 0xf8, 0xcf, 0x3a, 0xff, 0xf7, 0xd1, 0x3d, 0xff,
    0xf7, 0xd3, 0x40, 0xff, 0xf6, 0xd5, 0x43, 0xff, 0xf6, 0xd7, 0x46, 0xff, 0xf5, 0xd9, 0x49, 0xff,
    0xf5, 0xdb, 0x4c, 0xff, 0xf4, 0xdd, 0x4f, 0xff, 0xf4, 0xdf, 0x53, 0xff, 0xf4, 0xe1, 0x56, 0xff,
    0xf3, 0xe3, 0x5a, 0xff, 0xf3, 0xe5, 0x5d, 0xff, 0xf2, 0xe6, 0x61, 0xff, 0xf2, 0xe8, 0x65, 0xff,
    0xf2, 0xea, 0x69, 0xff, 0xf1, 0xec, 0x6d, 0xff, 0xf1, 0xed, 0x71, 0xff, 0xf1, 0xef, 0x75, 0xff,
    0xf1, 0xf1, 0x79, 0xff, 0xf2, 0xf2, 0x7d, 0xff, 0xf2, 0xf4, 0x82, 0xff, 0xf3, 0xf5, 0x86, 0xff,
    0xf3, 0xf6, 0x8a, 0xff, 0xf4, 0xf8, 0x8e, 0xff, 0xf5, 0xf9, 0x92, 0xff, 0xf6, 0xfa, 0x96, 0xff,
    0xf8, 0xfb, 0x9a, 0xff, 0xf9, 0xfc, 0x9d, 0xff, 0xfa, 0xfd, 0xa1, 0xff, 0xfc, 0xff, 0xa4, 0xff,
    // Row 15: D3 Magma
    0x00, 0x00, 0x04, 0xff, 0x01, 0x00, 0x05, 0xff, 0x01, 0x01, 0x06, 0xff, 0x01, 0x01, 0x08, 0xff,
    0x02, 0x01, 0x09, 0xff, 0x02, 0x02, 0x0b, 0xff, 0x02, 0x02, 0x0d, 0xff, 0x03, 0x03, 0x0f, 0xff,
    0x03, 0x03, 0x12, 0xff, 0x04, 0x04, 0x14, 0xff, 0x05, 0x04, 0x16, 0xff, 0x06, 0x05, 0x18, 0xff,
    0x06, 0x05, 0x1a, 0xff, 0x07, 0x06, 0x1c, 0xff, 0x08, 0x07, 0x1e, 0xff, 0x09, 0x07, 0x20, 0xff,
    0x0a, 0x08, 0x22, 0xff, 0x0b, 0x09, 0x24, 0xff, 0x0c, 0x09, 0x26, 0xff, 0x0d, 0x0a, 0x29, 0xff,
    0x0e, 0x0b, 0x2b, 0xff, 0x10, 0x0b, 0x2d, 0xff, 0x11, 0x0c, 0x2f, 0xff, 0x12, 0x0d, 0x31, 0xff,
    0x13, 0x0d, 0x34, 0xff, 0x14, 0x0e, 0x36, 0xff, 0x15, 0x0e, 0x38, 0xff, 0x16, 0x0f, 0x3b, 0xff,
    0x18, 0x0f, 0x3d, 0xff, 0x19, 0x10, 0x3f, 0xff, 0x1a, 0x10, 0x42, 0xff, 0x1c, 0x10, 0x44, 0xff,
    0x1d, 0x11, 0x47, 0xff, 0x1e, 0x11, 0x49, 0xff, 0x20, 0x11, 0x4b, 0xff, 0x21, 0x11, 0x4e, 0xff,
    0x22, 0x11, 0x50, 0xff, 0x24, 0x12, 0x53, 0xff, 0x25, 0x12, 0x55, 0xff, 0x27, 0x12, 0x58, 0xff,
    0x29, 0x11, 0x5a, 0xff, 0x2a, 0x11, 0x5c, 0xff, 0x2c, 0x11, 0x5f, 0xff, 0x2d, 0x11, 0x61, 0xff,
    0x2f, 0x11, 0x63, 0xff, 0x31, 0x11, 0x65, 0xff, 0x33, 0x10, 0x67, 0xff, 0x34, 0x10, 0x69, 0xff,
    0x36, 0x10, 0x6b, 0xff, 0x38, 0x10, 0x6c, 0xff, 0x39, 0x0f, 0x6e, 0xff, 0x3b, 0x0f, 0x70, 0xff,
    0x3d, 0x0f, 0x71, 0xff, 0x3f, 0x0f, 0x72, 0xff, 0x40, 0x0f, 0x74, 0xff, 0x42, 0x0f, 0x75, 0xff,
    0x44, 0x0f, 0x76, 0xff, 0x45, 0x10, 0x77, 0xff, 0x47, 0x10, 0x78, 0xff, 0x49, 0x10, 0x78, 0xff,
    0x4a, 0x10, 0x79, 0xff, 0x4c, 0x11, 0x7a, 0xff, 0x4e, 0x11, 0x7b, 0xff, 0x4f, 0x12, 0x7b, 0xff,
    0x51, 0x12, 0x7c, 0xff, 0x52, 0x13, 0x7c, 0xff, 0x54, 0x13, 0x7d, 0xff, 0x56, 0x14, 0x7d, 0xff,
    0x57, 0x15, 0x7e, 0xff, 0x59, 0x15, 0x7e, 0xff, 0x5a, 0x16, 0x7e, 0xff, 0x5c, 0x16, 0x7f, 0xff,
    0x5d, 0x17, 0x7f, 0xff, 0x5f, 0x18, 0x7f, 0xff, 0x60, 0x18, 0x80, 0xff, 0x62, 0x19, 0x80, 0xff,
    0x64, 0x1a, 0x80, 0xff, 0x65, 0x1a, 0x80, 0xff, 0x67, 0x1b, 0x80, 0xff, 0x68, 0x1c, 0x81, 0xff,
    0x6a, 0x1c, 0x81, 0xff, 0x6b, 0x1d, 0x81, 0xff, 0x6d, 0x1d, 0x81, 0xff, 0x6e, 0x1e, 0x81, 0xff,
    0x70, 0x1f, 0x81, 0xff, 0x72, 0x1f, 0x81, 0xff, 0x73, 0x20, 0x81, 0xff, 0x75, 0x21, 0x81, 0xff,
    0x76, 0x21, 0x81, 0xff, 0x78, 0x22, 0x81, 0xff, 0x79, 0x22, 0x82, 0xff, 0x7b, 0x23, 0x82, 0xff,
    0x7c, 0x23, 0x82, 0xff, 0x7e, 0x24, 0x82, 0xff, 0x80, 0x25, 0x82, 0xff, 0x81, 0x25, 0x81, 0xff,
    0x83, 0x26, 0x81, 0xff, 0x84, 0x26, 0x81, 0xff, 0x86, 0x27, 0x81, 0xff, 0x88, 0x27, 0x81, 0xff,
    0x89, 0x28, 0x81, 0xff, 0x8b, 0x29, 0x81, 0xff, 0x8c, 0x29, 0x81, 0xff, 0x8e, 0x2a, 0x81, 0xff,
    0x90, 0x2a, 0x81, 0xff, 0x91, 0x2b, 0x81, 0xff, 0x93, 0x2b, 0x80, 0xff, 0x94, 0x2c, 0x80, 0xff,
    0x96, 0x2c, 0x80, 0xff, 0x98, 0x2d, 0x80, 0xff, 0x99, 0x2d, 0x80, 0xff, 0x9b, 0x2e, 0x7f, 0xff,
    0x9c, 0x2e, 0x7f, 0xff, 0x9e, 0x2f, 0x7f, 0xff, 0xa0, 0x2f, 0x7f, 0xff, 0xa1, 0x30, 0x7e, 0xff,
    0xa3, 0x30, 0x7e, 0xff, 0xa5, 0x31, 0x7e, 0xff, 0xa6, 0x31, 0x7d, 0xff, 0xa8, 0x32, 0x7d, 0xff,
    0xaa, 0x33, 0x7d, 0xff, 0xab, 0x33, 0x7c, 0xff, 0xad, 0x34, 0x7c, 0xff, 0xae, 0x34, 0x7b, 0xff,
    0xb0, 0x35, 0x7b, 0xff, 0xb2, 0x35, 0x7b, 0xff, 0xb3, 0x36, 0x7a, 0xff, 0xb5, 0x36, 0x7a, 0xff,
    0xb7, 0x37, 0x79, 0xff, 0xb8, 0x37, 0x79, 0xff, 0xba, 0x38, 0x78, 0xff, 0xbc, 0x39, 0x78, 0xff,
    0xbd, 0x39, 0x77, 0xff, 0xbf, 0x3a, 0x77, 0xff, 0xc0, 0x3a, 0x76, 0xff, 0xc2, 0x3b, 0x75, 0xff,
    0xc4, 0x3c, 0x75, 0xff, 0xc5, 0x3c, 0x74, 0xff, 0xc7, 0x3d, 0x73, 0xff, 0xc8, 0x3e, 0x73, 0xff,
    0xca, 0x3e, 0x72, 0xff, 0xcc, 0x3f, 0x71, 0xff, 0xcd, 0x40, 0x71, 0xff, 0xcf, 0x40, 0x70, 0xff,
    0xd0, 0x41, 0x6f, 0xff, 0xd2, 0x42, 0x6f, 0xff, 0xd3, 0x43, 0x6e, 0xff, 0xd5, 0x44, 0x6d, 0xff,
    0xd6, 0x45, 0x6c, 0xff, 0xd8, 0x45, 0x6c, 0xff, 0xd9, 0x46, 0x6b, 0xff, 0xdb, 0x47, 0x6a, 0xff,
    0xdc, 0x48, 0x69, 0xff, 0xde, 0x49, 0x68, 0xff, 0xdf, 0x4a, 0x68, 0xff, 0xe0, 0x4c, 0x67, 0xff,
    0xe2, 0x4d, 0x66, 0xff, 0xe3, 0x4e, 0x65, 0xff, 0xe4, 0x4f, 0x64, 0xff, 0xe5, 0x50, 0x64, 0xff,
    0xe7, 0x52, 0x63, 0xff, 0xe8, 0x53, 0x62, 0xff, 0xe9, 0x54, 0x62, 0xff, 0xea, 0x56, 0x61, 0xff,
    0xeb, 0x57, 0x60, 0xff, 0xec, 0x58, 0x60, 0xff, 0xed, 0x5a, 0x5f, 0xff, 0xee, 0x5b, 0x5e, 0xff,
    0xef, 0x5d, 0x5e, 0xff, 0xf0, 0x5f, 0x5e, 0xff, 0xf1, 0x60, 0x5d, 0xff, 0xf2, 0x62, 0x5d, 0xff,
    0xf2, 0x64, 0x5c, 0xff, 0xf3, 0x65, 0x5c, 0xff, 0xf4, 0x67, 0x5c, 0xff, 0xf4, 0x69, 0x5c, 0xff,
    0xf5, 0x6b, 0x5c, 0xff, 0xf6, 0x6c, 0x5c, 0xff, 0xf6, 0x6e, 0x5c, 0xff, 0xf7, 0x70, 0x5c, 0xff,
    0xf7, 0x72, 0x5c, 0xff, 0xf8, 0x74, 0x5c, 0xff, 0xf8, 0x76, 0x5c, 0xff, 0xf9, 0x78, 0x5d, 0xff,
    0xf9, 0x79, 0x5d, 0xff, 0xf9, 0x7b, 0x5d, 0xff, 0xfa, 0x7d, 0x5e, 0xff, 0xfa, 0x7f, 0x5e, 0xff,
    0xfa, 0x81, 0x5f, 0xff, 0xfb, 0x83, 0x5f, 0xff, 0xfb, 0x85, 0x60, 0xff, 0xfb, 0x87, 0x61, 0xff,
    0xfc, 0x89, 0x61, 0xff, 0xfc, 0x8a, 0x62, 0xff, 0xfc, 0x8c, 0x63, 0xff, 0xfc, 0x8e, 0x64, 0xff,
    0xfc, 0x90, 0x65, 0xff, 0xfd, 0x92, 0x66, 0xff, 0xfd, 0x94, 0x67, 0xff, 0xfd, 0x96, 0x68, 0xff,
    0xfd, 0x98, 0x69, 0xff, 0xfd, 0x9a, 0x6a, 0xff, 0xfd, 0x9b, 0x6b, 0xff, 0xfe, 0x9d, 0x6c, 0xff,
    0xfe, 0x9f, 0x6d, 0xff, 0xfe, 0xa1, 0x6e, 0xff, 0xfe, 0xa3, 0x6f, 0xff, 0xfe, 0xa5, 0x71, 0xff,
    0xfe, 0xa7, 0x72, 0xff, 0xfe, 0xa9, 0x73, 0xff, 0xfe, 0xaa, 0x74, 0xff, 0xfe, 0xac, 0x76, 0xff,
    0xfe, 0xae, 0x77, 0xff, 0xfe, 0xb0, 0x78, 0xff, 0xfe, 0xb2, 0x7a, 0xff, 0xfe, 0xb4, 0x7b, 0xff,
    0xfe, 0xb6, 0x7c, 0xff, 0xfe, 0xb7, 0x7e, 0xff, 0xfe, 0xb9, 0x7f, 0xff, 0xfe, 0xbb, 0x81, 0xff,
    0xfe, 0xbd, 0x82, 0xff, 0xfe, 0xbf, 0x84, 0xff, 0xfe, 0xc1, 0x85, 0xff, 0xfe, 0xc2, 0x87, 0xff,
    0xfe, 0xc4, 0x88, 0xff, 0xfe, 0xc6, 0x8a, 0xff, 0xfe, 0xc8, 0x8c, 0xff, 0xfe, 0xca, 0x8d, 0xff,
    0xfe, 0xcc, 0x8f, 0xff, 0xfe, 0xcd, 0x90, 0xff, 0xfe, 0xcf, 0x92, 0xff, 0xfe, 0xd1, 0x94, 0xff,
    0xfe, 0xd3, 0x95, 0xff, 0xfe, 0xd5, 0x97, 0xff, 0xfe, 0xd7, 0x99, 0xff, 0xfe, 0xd8, 0x9a, 0xff,
    0xfd, 0xda, 0x9c, 0xff, 0xfd, 0xdc, 0x9e, 0xff, 0xfd, 0xde, 0xa0, 0xff, 0xfd, 0xe0, 0xa1, 0xff,
    0xfd, 0xe2, 0xa3, 0xff, 0xfd, 0xe3, 0xa5, 0xff, 0xfd, 0xe5, 0xa7, 0xff, 0xfd, 0xe7, 0xa9, 0xff,
    0xfd, 0xe9, 0xaa, 0xff, 0xfd, 0xeb, 0xac, 0xff, 0xfc, 0xec, 0xae, 0xff, 0xfc, 0xee, 0xb0, 0xff,
    0xfc, 0xf0, 0xb2, 0xff, 0xfc, 0xf2, 0xb4, 0xff, 0xfc, 0xf4, 0xb6, 0xff, 0xfc, 0xf6, 0xb8, 0xff,
    0xfc, 0xf7, 0xb9, 0xff, 0xfc, 0xf9, 0xbb, 0xff, 0xfc, 0xfb, 0xbd, 0xff, 0xfc, 0xfd, 0xbf, 0xff,
    // Row 16: D3 Plasma
    0x0d, 0x08, 0x87, 0xff, 0x10, 0x07, 0x88, 0xff, 0x13, 0x07, 0x89, 0xff, 0x16, 0x07, 0x8a, 0xff,
    0x19, 0x06, 0x8c, 0xff, 0x1b, 0x06, 0x8d, 0xff, 0x1d, 0x06, 0x8e, 0xff, 0x20, 0x06, 0x8f, 0xff,
    0x22, 0x06, 0x90, 0xff, 0x24, 0x06, 0x91, 0xff, 0x26, 0x05, 0x91, 0xff, 0x28, 0x05, 0x92, 0xff,
    0x2a, 0x05, 0x93, 0xff, 0x2c, 0x05, 0x94, 0xff, 0x2e, 0x05, 0x95, 0xff, 0x2f, 0x05, 0x96, 0xff,
    0x31, 0x05, 0x97, 0xff, 0x33, 0x05, 0x97, 0xff, 0x35, 0x04, 0x98, 0xff, 0x37, 0x04, 0x99, 0xff,
    0x38, 0x04, 0x9a, 0xff, 0x3a, 0x04, 0x9a, 0xff, 0x3c, 0x04, 0x9b, 0xff, 0x3e, 0x04, 0x9c, 0xff,
    0x3f, 0x04, 0x9c, 0xff, 0x41, 0x04, 0x9d, 0xff, 0x43, 0x03, 0x9e, 0xff, 0x44, 0x03, 0x9e, 0xff,
    0x46, 0x03, 0x9f, 0xff, 0x48, 0x03, 0x9f, 0xff, 0x49, 0x03, 0xa0, 0xff, 0x4b, 0x03, 0xa1, 0xff,
    0x4c, 0x02, 0xa1, 0xff, 0x4e, 0x02, 0xa2, 0xff, 0x50, 0x02, 0xa2, 0xff, 0x51, 0x02, 0xa3, 0xff,
    0x53, 0x02, 0xa3, 0xff, 0x55, 0x02, 0xa4, 0xff, 0x56, 0x01, 0xa4, 0xff, 0x58, 0x01, 0xa4, 0xff,
    0x59, 0x01, 0xa5, 0xff, 0x5b, 0x01, 0xa5, 0xff, 0x5c, 0x01, 0xa6, 0xff, 0x5e, 0x01, 0xa6, 0xff,
    0x60, 0x01, 0xa6, 0xff, 0x61, 0x00, 0xa7, 0xff, 0x63, 0x00, 0xa7, 0xff, 0x64, 0x00, 0xa7, 0xff,
    0x66, 0x00, 0xa7, 0xff, 0x67, 0x00, 0xa8, 0xff, 0x69, 0x00, 0xa8, 0xff, 0x6a, 0x00, 0xa8, 0xff,
    0x6c, 0x00, 0xa8, 0xff, 0x6e, 0x00, 0xa8, 0xff, 0x6f, 0x00, 0xa8, 0xff, 0x71, 0x00, 0xa8, 0xff,
    0x72, 0x01, 0xa8, 0xff, 0x74, 0x01, 0xa8, 0xff, 0x75, 0x01, 0xa8, 0xff, 0x77, 0x01, 0xa8, 0xff,
    0x78, 0x01, 0xa8, 0xff, 0x7a, 0x02, 0xa8, 0xff, 0x7b, 0x02, 0xa8, 0xff, 0x7d, 0x03, 0xa8, 0xff,
    0x7e, 0x03, 0xa8, 0xff, 0x80, 0x04, 0xa8, 0xff, 0x81, 0x04, 0xa7, 0xff, 0x83, 0x05, 0xa7, 0xff,
    0x84, 0x05, 0xa7, 0xff, 0x86, 0x06, 0xa6, 0xff, 0x87, 0x07, 0xa6, 0xff, 0x88, 0x08, 0xa6, 0xff,
    0x8a, 0x09, 0xa5, 0xff, 0x8b, 0x0a, 0xa5, 0xff, 0x8d, 0x0b, 0xa5, 0xff, 0x8e, 0x0c, 0xa4, 0xff,
    0x8f, 0x0d, 0xa4, 0xff, 0x91, 0x0e, 0xa3, 0xff, 0x92, 0x0f, 0xa3, 0xff, 0x94, 0x10, 0xa2, 0xff,
    0x95, 0x11, 0xa1, 0xff, 0x96, 0x13, 0xa1, 0xff, 0x98, 0x14, 0xa0, 0xff, 0x99, 0x15, 0x9f, 0xff,
    0x9a, 0x16, 0x9f, 0xff, 0x9c, 0x17, 0x9e, 0xff, 0x9d, 0x18, 0x9d, 0xff, 0x9e, 0x19, 0x9d, 0xff,
    0xa0, 0x1a, 0x9c, 0xff, 0xa1, 0x1b, 0x9b, 0xff, 0xa2, 0x1d, 0x9a, 0xff, 0xa3, 0x1e, 0x9a, 0xff,
    0xa5, 0x1f, 0x99, 0xff, 0xa6, 0x20, 0x98, 0xff, 0xa7, 0x21, 0x97, 0xff, 0xa8, 0x22, 0x96, 0xff,
    0xaa, 0x23, 0x95, 0xff, 0xab, 0x24, 0x94, 0xff, 0xac, 0x26, 0x94, 0xff, 0xad, 0x27, 0x93, 0xff,
    0xae, 0x28, 0x92, 0xff, 0xb0, 0x29, 0x91, 0xff, 0xb1, 0x2a, 0x90, 0xff, 0xb2, 0x2b, 0x8f, 0xff,
    0xb3, 0x2c, 0x8e, 0xff, 0xb4, 0x2e, 0x8d, 0xff, 0xb5, 0x2f, 0x8c, 0xff, 0xb6, 0x30, 0x8b, 0xff,
    0xb7, 0x31, 0x8a, 0xff, 0xb8, 0x32, 0x89, 0xff, 0xba, 0x33, 0x88, 0xff, 0xbb, 0x34, 0x88, 0xff,
    0xbc, 0x35, 0x87, 0xff, 0xbd, 0x37, 0x86, 0xff, 0xbe, 0x38, 0x85, 0xff, 0xbf, 0x39, 0x84, 0xff,
    0xc0, 0x3a, 0x83, 0xff, 0xc1, 0x3b, 0x82, 0xff, 0xc2, 0x3c, 0x81, 0xff, 0xc3, 0x3d, 0x80, 0xff,
    0xc4, 0x3e, 0x7f, 0xff, 0xc5, 0x40, 0x7e, 0xff, 0xc6, 0x41, 0x7d, 0xff, 0xc7, 0x42, 0x7c, 0xff,
    0xc8, 0x43, 0x7b, 0xff, 0xc9, 0x44, 0x7a, 0xff, 0xca, 0x45, 0x7a, 0xff, 0xcb, 0x46, 0x79, 0xff,
    0xcc, 0x47, 0x78, 0xff, 0xcc, 0x49, 0x77, 0xff, 0xcd, 0x4a, 0x76, 0xff, 0xce, 0x4b, 0x75, 0xff,
    0xcf, 0x4c, 0x74, 0xff, 0xd0, 0x4d, 0x73, 0xff, 0xd1, 0x4e, 0x72, 0xff, 0xd2, 0x4f, 0x71, 0xff,
    0xd3, 0x51, 0x71, 0xff, 0xd4, 0x52, 0x70, 0xff, 0xd5, 0x53, 0x6f, 0xff, 0xd5, 0x54, 0x6e, 0xff,
    0xd6, 0x55, 0x6d, 0xff, 0xd7, 0x56, 0x6c, 0xff, 0xd8, 0x57, 0x6b, 0xff, 0xd9, 0x58, 0x6a, 0xff,
    0xda, 0x5a, 0x6a, 0xff, 0xda, 0x5b, 0x69, 0xff, 0xdb, 0x5c, 0x68, 0xff, 0xdc, 0x5d, 0x67, 0xff,
    0xdd, 0x5e, 0x66, 0xff, 0xde, 0x5f, 0x65, 0xff, 0xde, 0x61, 0x64, 0xff, 0xdf, 0x62, 0x63, 0xff,
    0xe0, 0x63, 0x63, 0xff, 0xe1, 0x64, 0x62, 0xff, 0xe2, 0x65, 0x61, 0xff, 0xe2, 0x66, 0x60, 0xff,
    0xe3, 0x68, 0x5f, 0xff, 0xe4, 0x69, 0x5e, 0xff, 0xe5, 0x6a, 0x5d, 0xff, 0xe5, 0x6b, 0x5d, 0xff,
    0xe6, 0x6c, 0x5c, 0xff, 0xe7, 0x6e, 0x5b, 0xff, 0xe7, 0x6f, 0x5a, 0xff, 0xe8, 0x70, 0x59, 0xff,
    0xe9, 0x71, 0x58, 0xff, 0xe9, 0x72, 0x57, 0xff, 0xea, 0x74, 0x57, 0xff, 0xeb, 0x75, 0x56, 0xff,
    0xeb, 0x76, 0x55, 0xff, 0xec, 0x77, 0x54, 0xff, 0xed, 0x79, 0x53, 0xff, 0xed, 0x7a, 0x52, 0xff,
    0xee, 0x7b, 0x51, 0xff, 0xef, 0x7c, 0x51, 0xff, 0xef, 0x7e, 0x50, 0xff, 0xf0, 0x7f, 0x4f, 0xff,
    0xf0, 0x80, 0x4e, 0xff, 0xf1, 0x81, 0x4d, 0xff, 0xf1, 0x83, 0x4c, 0xff, 0xf2, 0x84, 0x4b, 0xff,
    0xf3, 0x85, 0x4b, 0xff, 0xf3, 0x87, 0x4a, 0xff, 0xf4, 0x88, 0x49, 0xff, 0xf4, 0x89, 0x48, 0xff,
    0xf5, 0x8b, 0x47, 0xff, 0xf5, 0x8c, 0x46, 0xff, 0xf6, 0x8d, 0x45, 0xff, 0xf6, 0x8f, 0x44, 0xff,
    0xf7, 0x90, 0x44, 0xff, 0xf7, 0x91, 0x43, 0xff, 0xf7, 0x93, 0x42, 0xff, 0xf8, 0x94, 0x41, 0xff,
    0xf8, 0x95, 0x40, 0xff, 0xf9, 0x97, 0x3f, 0xff, 0xf9, 0x98, 0x3e, 0xff, 0xf9, 0x9a, 0x3e, 0xff,
    0xfa, 0x9b, 0x3d, 0xff, 0xfa, 0x9c, 0x3c, 0xff, 0xfa, 0x9e, 0x3b, 0xff, 0xfb, 0x9f, 0x3a, 0xff,
    0xfb, 0xa1, 0x39, 0xff, 0xfb, 0xa2, 0x38, 0xff, 0xfc, 0xa3, 0x38, 0xff, 0xfc, 0xa5, 0x37, 0xff,
    0xfc, 0xa6, 0x36, 0xff, 0xfc, 0xa8, 0x35, 0xff, 0xfc, 0xa9, 0x34, 0xff, 0xfd, 0xab, 0x33, 0xff,
    0xfd, 0xac, 0x33, 0xff, 0xfd, 0xae, 0x32, 0xff, 0xfd, 0xaf, 0x31, 0xff, 0xfd, 0xb1, 0x30, 0xff,
    0xfd, 0xb2, 0x2f, 0xff, 0xfd, 0xb4, 0x2f, 0xff, 0xfd, 0xb5, 0x2e, 0xff, 0xfe, 0xb7, 0x2d, 0xff,
    0xfe, 0xb8, 0x2c, 0xff, 0xfe, 0xba, 0x2c, 0xff, 0xfe, 0xbb, 0x2b, 0xff, 0xfe, 0xbd, 0x2a, 0xff,
    0xfe, 0xbe, 0x2a, 0xff, 0xfe, 0xc0, 0x29, 0xff, 0xfd, 0xc2, 0x29, 0xff, 0xfd, 0xc3, 0x28, 0xff,
    0xfd, 0xc5, 0x27, 0xff, 0xfd, 0xc6, 0x27, 0xff, 0xfd, 0xc8, 0x27, 0xff, 0xfd, 0xca, 0x26, 0xff,
    0xfd, 0xcb, 0x26, 0xff, 0xfc, 0xcd, 0x25, 0xff, 0xfc, 0xce, 0x25, 0xff, 0xfc, 0xd0, 0x25, 0xff,
    0xfc, 0xd2, 0x25, 0xff, 0xfb, 0xd3, 0x24, 0xff, 0xfb, 0xd5, 0x24, 0xff, 0xfb, 0xd7, 0x24, 0xff,
    0xfa, 0xd8, 0x24, 0xff, 0xfa, 0xda, 0x24, 0xff, 0xf9, 0xdc, 0x24, 0xff, 0xf9, 0xdd, 0x25, 0xff,
    0xf8, 0xdf, 0x25, 0xff, 0xf8, 0xe1, 0x25, 0xff, 0xf7, 0xe2, 0x25, 0xff, 0xf7, 0xe4, 0x25, 0xff,
    0xf6, 0xe6, 0x26, 0xff, 0xf6, 0xe8, 0x26, 0xff, 0xf5, 0xe9, 0x26, 0xff, 0xf5, 0xeb, 0x27, 0xff,
    0xf4, 0xed, 0x27, 0xff, 0xf3, 0xee, 0x27, 0xff, 0xf3, 0xf0, 0x27, 0xff, 0xf2, 0xf2, 0x27, 0xff,
    0xf1, 0xf4, 0x26, 0xff, 0xf1, 0xf5, 0x25, 0xff, 0xf0, 0xf7, 0x24, 0xff, 0xf0, 0xf9, 0x21, 0xff,
    // Row 17: D3 RdBu (blue-red)
    0x05, 0x30, 0x61, 0xff, 0x06, 0x32, 0x64, 0xff, 0x07, 0x34, 0x67, 0xff, 0x08, 0x36, 0x6a, 0xff,
    0x09, 0x38, 0x6d, 0xff, 0x0a, 0x3b, 0x70, 0xff, 0x0c, 0x3d, 0x73, 0xff, 0x0d, 0x3f, 0x75, 0xff,
    0x0e, 0x41, 0x78, 0xff, 0x0f, 0x43, 0x7b, 0xff, 0x10, 0x45, 0x7e, 0xff, 0x11, 0x47, 0x81, 0xff,
    0x12, 0x49, 0x83, 0xff, 0x13, 0x4b, 0x86, 0xff, 0x15, 0x4d, 0x89, 0xff, 0x16, 0x4f, 0x8b, 0xff,
    0x17, 0x52, 0x8e, 0xff, 0x18, 0x54, 0x90, 0xff, 0x19, 0x56, 0x93, 0xff, 0x1a, 0x58, 0x95, 0xff,
    0x1b, 0x5a, 0x98, 0xff, 0x1d, 0x5c, 0x9a, 0xff, 0x1e, 0x5e, 0x9c, 0xff, 0x1f, 0x60, 0x9e, 0xff,
    0x20, 0x62, 0xa0, 0xff, 0x21, 0x64, 0xa2, 0xff, 0x23, 0x65, 0xa4, 0xff, 0x24, 0x67, 0xa6, 0xff,
    0x25, 0x69, 0xa8, 0xff, 0x26, 0x6b, 0xaa, 0xff, 0x28, 0x6d, 0xab, 0xff, 0x29, 0x6f, 0xad, 0xff,
    0x2a, 0x71, 0xae, 0xff, 0x2c, 0x73, 0xb0, 0xff, 0x2d, 0x75, 0xb1, 0xff, 0x2e, 0x76, 0xb2, 0xff,
    0x30, 0x78, 0xb4, 0xff, 0x31, 0x7a, 0xb5, 0xff, 0x33, 0x7c, 0xb6, 0xff, 0x34, 0x7e, 0xb7, 0xff,
    0x36, 0x80, 0xb9, 0xff, 0x37, 0x81, 0xba, 0xff, 0x39, 0x83, 0xbb, 0xff, 0x3b, 0x85, 0xbc, 0xff,
    0x3d, 0x87, 0xbd, 0xff, 0x3e, 0x89, 0xbe, 0xff, 0x40, 0x8b, 0xbf, 0xff, 0x42, 0x8c, 0xc0, 0xff,
    0x44, 0x8e, 0xc1, 0xff, 0x46, 0x90, 0xc2, 0xff, 0x48, 0x92, 0xc3, 0xff, 0x4b, 0x94, 0xc4, 0xff,
    0x4d, 0x96, 0xc5, 0xff, 0x4f, 0x98, 0xc6, 0xff, 0x51, 0x99, 0xc7, 0xff, 0x54, 0x9b, 0xc8, 0xff,
    0x56, 0x9d, 0xc9, 0xff, 0x59, 0x9f, 0xca, 0xff, 0x5b, 0xa1, 0xcb, 0xff, 0x5e, 0xa3, 0xcc, 0xff,
    0x61, 0xa5, 0xcd, 0xff, 0x64, 0xa7, 0xce, 0xff, 0x66, 0xa8, 0xcf, 0xff, 0x69, 0xaa, 0xd0, 0xff,
    0x6c, 0xac, 0xd1, 0xff, 0x6f, 0xae, 0xd2, 0xff, 0x71, 0xb0, 0xd3, 0xff, 0x74, 0xb2, 0xd4, 0xff,
    0x77, 0xb3, 0xd5, 0xff, 0x7a, 0xb5, 0xd6, 0xff, 0x7d, 0xb7, 0xd7, 0xff, 0x80, 0xb9, 0xd7, 0xff,
    0x83, 0xbb, 0xd8, 0xff, 0x85, 0xbc, 0xd9, 0xff, 0x88, 0xbe, 0xda, 0xff, 0x8b, 0xc0, 0xdb, 0xff,
    0x8e, 0xc1, 0xdc, 0xff, 0x91, 0xc3, 0xdd, 0xff, 0x93, 0xc4, 0xde, 0xff, 0x96, 0xc6, 0xdf, 0xff,
    0x99, 0xc7, 0xe0, 0xff, 0x9c, 0xc9, 0xe0, 0xff, 0x9e, 0xca, 0xe1, 0xff, 0xa1, 0xcc, 0xe2, 0xff,
    0xa3, 0xcd, 0xe3, 0xff, 0xa6, 0xcf, 0xe3, 0xff, 0xa9, 0xd0, 0xe4, 0xff, 0xab, 0xd1, 0xe5, 0xff,
    0xae, 0xd3, 0xe6, 0xff, 0xb0, 0xd4, 0xe6, 0xff, 0xb2, 0xd5, 0xe7, 0xff, 0xb5, 0xd7, 0xe8, 0xff,
    0xb7, 0xd8, 0xe8, 0xff, 0xba, 0xd9, 0xe9, 0xff, 0xbc, 0xda, 0xea, 0xff, 0xbe, 0xdb, 0xea, 0xff,
    0xc0, 0xdc, 0xeb, 0xff, 0xc2, 0xdd, 0xec, 0xff, 0xc5, 0xdf, 0xec, 0xff, 0xc7, 0xe0, 0xed, 0xff,
    0xc9, 0xe1, 0xed, 0xff, 0xcb, 0xe2, 0xee, 0xff, 0xcd, 0xe3, 0xee, 0xff, 0xcf, 0xe4, 0xef, 0xff,
    0xd1, 0xe5, 0xef, 0xff, 0xd3, 0xe6, 0xf0, 0xff, 0xd4, 0xe6, 0xf0, 0xff, 0xd6, 0xe7, 0xf0, 0xff,
    0xd8, 0xe8, 0xf1, 0xff, 0xda, 0xe9, 0xf1, 0xff, 0xdb, 0xea, 0xf1, 0xff, 0xdd, 0xea, 0xf2, 0xff,
    0xdf, 0xeb, 0xf2, 0xff, 0xe0, 0xec, 0xf2, 0xff, 0xe2, 0xec, 0xf2, 0xff, 0xe3, 0xed, 0xf2, 0xff,
    0xe5, 0xed, 0xf2, 0xff, 0xe6, 0xee, 0xf2, 0xff, 0xe7, 0xee, 0xf2, 0xff, 0xe9, 0xef, 0xf2, 0xff,
    0xea, 0xef, 0xf2, 0xff, 0xeb, 0xef, 0xf1, 0xff, 0xec, 0xef, 0xf1, 0xff, 0xed, 0xf0, 0xf1, 0xff,
    0xee, 0xf0, 0xf0, 0xff, 0xef, 0xf0, 0xf0, 0xff, 0xf0, 0xf0, 0xef, 0xff, 0xf1, 0xef, 0xee, 0xff,
    0xf2, 0xef, 0xed, 0xff, 0xf3, 0xef, 0xed, 0xff, 0xf4, 0xef, 0xec, 0xff, 0xf4, 0xee, 0xeb, 0xff,
    0xf5, 0xee, 0xe9, 0xff, 0xf6, 0xed, 0xe8, 0xff, 0xf6, 0xed, 0xe7, 0xff, 0xf7, 0xec, 0xe6, 0xff,
    0xf7, 0xeb, 0xe4, 0xff, 0xf8, 0xea, 0xe3, 0xff, 0xf8, 0xea, 0xe1, 0xff, 0xf9, 0xe9, 0xe0, 0xff,
    0xf9, 0xe8, 0xde, 0xff, 0xf9, 0xe7, 0xdc, 0xff, 0xfa, 0xe6, 0xda, 0xff, 0xfa, 0xe5, 0xd8, 0xff,
    0xfa, 0xe3, 0xd7, 0xff, 0xfa, 0xe2, 0xd5, 0xff, 0xfa, 0xe1, 0xd3, 0xff, 0xfa, 0xe0, 0xd1, 0xff,
    0xfa, 0xde, 0xcf, 0xff, 0xfb, 0xdd, 0xcc, 0xff, 0xfb, 0xdb, 0xca, 0xff, 0xfb, 0xda, 0xc8, 0xff,
    0xfb, 0xd8, 0xc6, 0xff, 0xfb, 0xd7, 0xc4, 0xff, 0xfa, 0xd5, 0xc1, 0xff, 0xfa, 0xd3, 0xbf, 0xff,
    0xfa, 0xd2, 0xbc, 0xff, 0xfa, 0xd0, 0xba, 0xff, 0xfa, 0xce, 0xb8, 0xff, 0xfa, 0xcc, 0xb5, 0xff,
    0xfa, 0xca, 0xb3, 0xff, 0xf9, 0xc9, 0xb0, 0xff, 0xf9, 0xc7, 0xae, 0xff, 0xf9, 0xc5, 0xab, 0xff,
    0xf8, 0xc3, 0xa9, 0xff, 0xf8, 0xc1, 0xa6, 0xff, 0xf8, 0xbf, 0xa4, 0xff, 0xf7, 0xbd, 0xa1, 0xff,
    0xf7, 0xba, 0x9f, 0xff, 0xf6, 0xb8, 0x9c, 0xff, 0xf6, 0xb6, 0x9a, 0xff, 0xf5, 0xb4, 0x97, 0xff,
    0xf5, 0xb2, 0x95, 0xff, 0xf4, 0xaf, 0x92, 0xff, 0xf4, 0xad, 0x90, 0xff, 0xf3, 0xab, 0x8d, 0xff,
    0xf2, 0xa8, 0x8b, 0xff, 0xf2, 0xa6, 0x88, 0xff, 0xf1, 0xa4, 0x86, 0xff, 0xf0, 0xa1, 0x83, 0xff,
    0xef, 0x9f, 0x81, 0xff, 0xee, 0x9c, 0x7f, 0xff, 0xee, 0x9a, 0x7c, 0xff, 0xed, 0x97, 0x7a, 0xff,
    0xec, 0x95, 0x78, 0xff, 0xeb, 0x92, 0x76, 0xff, 0xea, 0x90, 0x73, 0xff, 0xe9, 0x8d, 0x71, 0xff,
    0xe8, 0x8b, 0x6f, 0xff, 0xe7, 0x88, 0x6d, 0xff, 0xe6, 0x85, 0x6b, 0xff, 0xe5, 0x83, 0x69, 0xff,
    0xe4, 0x80, 0x67, 0xff, 0xe2, 0x7d, 0x65, 0xff, 0xe1, 0x7b, 0x63, 0xff, 0xe0, 0x78, 0x61, 0xff,
    0xdf, 0x75, 0x5f, 0xff, 0xde, 0x73, 0x5d, 0xff, 0xdd, 0x70, 0x5b, 0xff, 0xdb, 0x6d, 0x59, 0xff,
    0xda, 0x6b, 0x57, 0xff, 0xd9, 0x68, 0x55, 0xff, 0xd8, 0x65, 0x54, 0xff, 0xd6, 0x62, 0x52, 0xff,
    0xd5, 0x5f, 0x50, 0xff, 0xd4, 0x5d, 0x4e, 0xff, 0xd2, 0x5a, 0x4d, 0xff, 0xd1, 0x57, 0x4b, 0xff,
    0xd0, 0x54, 0x4a, 0xff, 0xce, 0x52, 0x48, 0xff, 0xcd, 0x4f, 0x46, 0xff, 0xcc, 0x4c, 0x45, 0xff,
    0xca, 0x49, 0x43, 0xff, 0xc9, 0x47, 0x42, 0xff, 0xc7, 0x44, 0x41, 0xff, 0xc6, 0x41, 0x3f, 0xff,
    0xc4, 0x3f, 0x3e, 0xff, 0xc3, 0x3c, 0x3d, 0xff, 0xc1, 0x3a, 0x3b, 0xff, 0xbf, 0x37, 0x3a, 0xff,
    0xbe, 0x35, 0x39, 0xff, 0xbc, 0x32, 0x38, 0xff, 0xba, 0x30, 0x36, 0xff, 0xb8, 0x2e, 0x35, 0xff,
    0xb7, 0x2b, 0x34, 0xff, 0xb5, 0x29, 0x33, 0xff, 0xb3, 0x27, 0x32, 0xff, 0xb1, 0x25, 0x31, 0xff,
    0xaf, 0x23, 0x30, 0xff, 0xad, 0x21, 0x2f, 0xff, 0xaa, 0x1f, 0x2e, 0xff, 0xa8, 0x1d, 0x2d, 0xff,
    0xa6, 0x1c, 0x2d, 0xff, 0xa4, 0x1a, 0x2c, 0xff, 0xa1, 0x18, 0x2b, 0xff, 0x9f, 0x17, 0x2a, 0xff,
    0x9c, 0x15, 0x29, 0xff, 0x9a, 0x14, 0x29, 0xff, 0x97, 0x12, 0x28, 0xff, 0x94, 0x11, 0x27, 0xff,
    0x92, 0x10, 0x27, 0xff, 0x8f, 0x0f, 0x26, 0xff, 0x8c, 0x0d, 0x26, 0xff, 0x8a, 0x0c, 0x25, 0xff,
    0x87, 0x0b, 0x24, 0xff, 0x84, 0x0a, 0x24, 0xff, 0x81, 0x09, 0x23, 0xff, 0x7e, 0x08, 0x23, 0xff,
    0x7b, 0x07, 0x22, 0xff, 0x79, 0x06, 0x22, 0xff, 0x76, 0x05, 0x21, 0xff, 0x73, 0x04, 0x21, 0xff,
    0x70, 0x03, 0x20, 0xff, 0x6d, 0x02, 0x20, 0xff, 0x6a, 0x01, 0x1f, 0xff, 0x67, 0x00, 0x1f, 0xff,
    // Row 18: D3 PuOr
    0x2d, 0x00, 0x4b, 0xff, 0x2f, 0x02, 0x4d, 0xff, 0x30, 0x03, 0x50, 0xff, 0x32, 0x05, 0x52, 0xff,
    0x33, 0x06, 0x55, 0xff, 0x35, 0x08, 0x57, 0xff, 0x36, 0x09, 0x59, 0xff, 0x38, 0x0b, 0x5c, 0xff,
    0x39, 0x0c, 0x5e, 0xff, 0x3b, 0x0e, 0x60, 0xff, 0x3c, 0x10, 0x63, 0xff, 0x3e, 0x11, 0x65, 0xff,
    0x3f, 0x13, 0x67, 0xff, 0x41, 0x15, 0x6a, 0xff, 0x43, 0x16, 0x6c, 0xff, 0x44, 0x18, 0x6e, 0xff,
    0x46, 0x1a, 0x70, 0xff, 0x47, 0x1c, 0x72, 0xff, 0x49, 0x1e, 0x75, 0xff, 0x4a, 0x20, 0x77, 0xff,
    0x4c, 0x22, 0x79, 0xff, 0x4e, 0x24, 0x7b, 0xff, 0x4f, 0x26, 0x7d, 0xff, 0x51, 0x28, 0x7f, 0xff,
    0x52, 0x2a, 0x81, 0xff, 0x54, 0x2c, 0x83, 0xff, 0x56, 0x2e, 0x85, 0xff, 0x57, 0x31, 0x87, 0xff,
    0x59, 0x33, 0x88, 0xff, 0x5b, 0x35, 0x8a, 0xff, 0x5c, 0x38, 0x8c, 0xff, 0x5e, 0x3a, 0x8e, 0xff,
    0x60, 0x3d, 0x8f, 0xff, 0x61, 0x3f, 0x91, 0xff, 0x63, 0x42, 0x93, 0xff, 0x65, 0x45, 0x94, 0xff,
    0x66, 0x47, 0x96, 0xff, 0x68, 0x4a, 0x98, 0xff, 0x6a, 0x4d, 0x99, 0xff, 0x6c, 0x4f, 0x9b, 0xff,
    0x6d, 0x52, 0x9c, 0xff, 0x6f, 0x55, 0x9e, 0xff, 0x71, 0x58, 0x9f, 0xff, 0x73, 0x5a, 0xa1, 0xff,
    0x74, 0x5d, 0xa2, 0xff, 0x76, 0x60, 0xa4, 0xff, 0x78, 0x62, 0xa5, 0xff, 0x7a, 0x65, 0xa7, 0xff,
    0x7c, 0x68, 0xa8, 0xff, 0x7d, 0x6a, 0xa9, 0xff, 0x7f, 0x6d, 0xab, 0xff, 0x81, 0x70, 0xac, 0xff,
    0x83, 0x72, 0xae, 0xff, 0x85, 0x75, 0xaf, 0xff, 0x87, 0x77, 0xb1, 0xff, 0x88, 0x7a, 0xb2, 0xff,
    0x8a, 0x7c, 0xb4, 0xff, 0x8c, 0x7f, 0xb5, 0xff, 0x8e, 0x81, 0xb7, 0xff, 0x90, 0x83, 0xb8, 0xff,
    0x92, 0x86, 0xb9, 0xff, 0x94, 0x88, 0xbb, 0xff, 0x96, 0x8a, 0xbc, 0xff, 0x97, 0x8d, 0xbe, 0xff,
    0x99, 0x8f, 0xbf, 0xff, 0x9b, 0x91, 0xc1, 0xff, 0x9d, 0x93, 0xc2, 0xff, 0x9f, 0x96, 0xc3, 0xff,
    0xa1, 0x98, 0xc5, 0xff, 0xa3, 0x9a, 0xc6, 0xff, 0xa4, 0x9c, 0xc7, 0xff, 0xa6, 0x9e, 0xc9, 0xff,
    0xa8, 0xa0, 0xca, 0xff, 0xaa, 0xa2, 0xcb, 0xff, 0xac, 0xa4, 0xcd, 0xff, 0xad, 0xa6, 0xce, 0xff,
    0xaf, 0xa8, 0xcf, 0xff, 0xb1, 0xab, 0xd0, 0xff, 0xb3, 0xad, 0xd2, 0xff, 0xb4, 0xaf, 0xd3, 0xff,
    0xb6, 0xb0, 0xd4, 0xff, 0xb8, 0xb2, 0xd5, 0xff, 0xb9, 0xb4, 0xd6, 0xff, 0xbb, 0xb6, 0xd7, 0xff,
    0xbc, 0xb8, 0xd9, 0xff, 0xbe, 0xba, 0xda, 0xff, 0xc0, 0xbc, 0xdb, 0xff, 0xc1, 0xbe, 0xdc, 0xff,
    0xc3, 0xc0, 0xdd, 0xff, 0xc4, 0xc1, 0xde, 0xff, 0xc6, 0xc3, 0xdf, 0xff, 0xc7, 0xc5, 0xe0, 0xff,
    0xc9, 0xc7, 0xe1, 0xff, 0xca, 0xc9, 0xe1, 0xff, 0xcc, 0xca, 0xe2, 0xff, 0xcd, 0xcc, 0xe3, 0xff,
    0xcf, 0xce, 0xe4, 0xff, 0xd0, 0xcf, 0xe5, 0xff, 0xd1, 0xd1, 0xe6, 0xff, 0xd3, 0xd2, 0xe7, 0xff,
    0xd4, 0xd4, 0xe7, 0xff, 0xd5, 0xd5, 0xe8, 0xff, 0xd7, 0xd7, 0xe9, 0xff, 0xd8, 0xd8, 0xea, 0xff,
    0xda, 0xda, 0xea, 0xff, 0xdb, 0xdb, 0xeb, 0xff, 0xdc, 0xdd, 0xec, 0xff, 0xdd, 0xde, 0xec, 0xff,
    0xdf, 0xdf, 0xed, 0xff, 0xe0, 0xe1, 0xed, 0xff, 0xe1, 0xe2, 0xee, 0xff, 0xe2, 0xe3, 0xee, 0xff,
    0xe4, 0xe4, 0xee, 0xff, 0xe5, 0xe5, 0xef, 0xff, 0xe6, 0xe6, 0xef, 0xff, 0xe7, 0xe7, 0xef, 0xff,
    0xe8, 0xe8, 0xef, 0xff, 0xe9, 0xe9, 0xef, 0xff, 0xea, 0xea, 0xef, 0xff, 0xeb, 0xeb, 0xef, 0xff,
    0xec, 0xeb, 0xef, 0xff, 0xed, 0xec, 0xef, 0xff, 0xee, 0xed, 0xee, 0xff, 0xef, 0xed, 0xee, 0xff,
    0xf0, 0xed, 0xed, 0xff, 0xf1, 0xee, 0xec, 0xff, 0xf2, 0xee, 0xec, 0xff, 0xf3, 0xee, 0xeb, 0xff,
    0xf3, 0xee, 0xea, 0xff, 0xf4, 0xee, 0xe8, 0xff, 0xf5, 0xee, 0xe7, 0xff, 0xf5, 0xee, 0xe6, 0xff,
    0xf6, 0xee, 0xe4, 0xff, 0xf7, 0xee, 0xe3, 0xff, 0xf7, 0xee, 0xe1, 0xff, 0xf8, 0xed, 0xdf, 0xff,
    0xf8, 0xed, 0xdd, 0xff, 0xf9, 0xec, 0xdb, 0xff, 0xf9, 0xec, 0xd9, 0xff, 0xf9, 0xeb, 0xd7, 0xff,
    0xfa, 0xea, 0xd5, 0xff, 0xfa, 0xe9, 0xd3, 0xff, 0xfa, 0xe9, 0xd0, 0xff, 0xfb, 0xe8, 0xce, 0xff,
    0xfb, 0xe7, 0xcc, 0xff, 0xfb, 0xe6, 0xc9, 0xff, 0xfb, 0xe5, 0xc6, 0xff, 0xfc, 0xe4, 0xc4, 0xff,
    0xfc, 0xe3, 0xc1, 0xff, 0xfc, 0xe2, 0xbe, 0xff, 0xfc, 0xe1, 0xbc, 0xff, 0xfc, 0xe0, 0xb9, 0xff,
    0xfd, 0xde, 0xb6, 0xff, 0xfd, 0xdd, 0xb3, 0xff, 0xfd, 0xdc, 0xb0, 0xff, 0xfd, 0xdb, 0xad, 0xff,
    0xfd, 0xd9, 0xaa, 0xff, 0xfd, 0xd8, 0xa7, 0xff, 0xfd, 0xd7, 0xa4, 0xff, 0xfd, 0xd5, 0xa1, 0xff,
    0xfd, 0xd4, 0x9e, 0xff, 0xfd, 0xd2, 0x9b, 0xff, 0xfd, 0xd1, 0x98, 0xff, 0xfd, 0xd0, 0x95, 0xff,
    0xfd, 0xce, 0x92, 0xff, 0xfd, 0xcd, 0x8f, 0xff, 0xfd, 0xcb, 0x8b, 0xff, 0xfd, 0xc9, 0x88, 0xff,
    0xfc, 0xc8, 0x85, 0xff, 0xfc, 0xc6, 0x82, 0xff, 0xfc, 0xc5, 0x7f, 0xff, 0xfc, 0xc3, 0x7c, 0xff,
    0xfb, 0xc1, 0x78, 0xff, 0xfb, 0xbf, 0x75, 0xff, 0xfb, 0xbe, 0x72, 0xff, 0xfa, 0xbc, 0x6f, 0xff,
    0xfa, 0xba, 0x6c, 0xff, 0xf9, 0xb8, 0x68, 0xff, 0xf9, 0xb7, 0x65, 0xff, 0xf8, 0xb5, 0x62, 0xff,
    0xf7, 0xb3, 0x5f, 0xff, 0xf7, 0xb1, 0x5c, 0xff, 0xf6, 0xaf, 0x59, 0xff, 0xf5, 0xad, 0x55, 0xff,
    0xf4, 0xab, 0x52, 0xff, 0xf4, 0xa9, 0x4f, 0xff, 0xf3, 0xa7, 0x4c, 0xff, 0xf2, 0xa5, 0x49, 0xff,
    0xf1, 0xa3, 0x46, 0xff, 0xf0, 0xa1, 0x43, 0xff, 0xef, 0x9f, 0x40, 0xff, 0xee, 0x9d, 0x3e, 0xff,
    0xed, 0x9b, 0x3b, 0xff, 0xec, 0x99, 0x38, 0xff, 0xea, 0x97, 0x35, 0xff, 0xe9, 0x95, 0x33, 0xff,
    0xe8, 0x94, 0x30, 0xff, 0xe7, 0x92, 0x2e, 0xff, 0xe6, 0x90, 0x2b, 0xff, 0xe4, 0x8e, 0x29, 0xff,
    0xe3, 0x8c, 0x27, 0xff, 0xe2, 0x8a, 0x25, 0xff, 0xe0, 0x88, 0x23, 0xff, 0xdf, 0x86, 0x21, 0xff,
    0xdd, 0x84, 0x1f, 0xff, 0xdc, 0x82, 0x1d, 0xff, 0xda, 0x80, 0x1b, 0xff, 0xd9, 0x7e, 0x1a, 0xff,
    0xd7, 0x7d, 0x18, 0xff, 0xd6, 0x7b, 0x17, 0xff, 0xd4, 0x79, 0x16, 0xff, 0xd3, 0x77, 0x14, 0xff,
    0xd1, 0x76, 0x13, 0xff, 0xcf, 0x74, 0x12, 0xff, 0xce, 0x72, 0x11, 0xff, 0xcc, 0x70, 0x10, 0xff,
    0xca, 0x6f, 0x0f, 0xff, 0xc9, 0x6d, 0x0e, 0xff, 0xc7, 0x6b, 0x0e, 0xff, 0xc5, 0x6a, 0x0d, 0xff,
    0xc3, 0x68, 0x0c, 0xff, 0xc2, 0x67, 0x0c, 0xff, 0xc0, 0x65, 0x0b, 0xff, 0xbe, 0x64, 0x0b, 0xff,
    0xbc, 0x62, 0x0a, 0xff, 0xba, 0x61, 0x0a, 0xff, 0xb8, 0x5f, 0x0a, 0xff, 0xb7, 0x5e, 0x09, 0xff,
    0xb5, 0x5c, 0x09, 0xff, 0xb3, 0x5b, 0x09, 0xff, 0xb1, 0x59, 0x09, 0xff, 0xaf, 0x58, 0x08, 0xff,
    0xad, 0x57, 0x08, 0xff, 0xab, 0x55, 0x08, 0xff, 0xa9, 0x54, 0x08, 0xff, 0xa7, 0x53, 0x08, 0xff,
    0xa5, 0x52, 0x08, 0xff, 0xa3, 0x50, 0x08, 0xff, 0xa1, 0x4f, 0x07, 0xff, 0x9f, 0x4e, 0x07, 0xff,
    0x9d, 0x4c, 0x07, 0xff, 0x9b, 0x4b, 0x07, 0xff, 0x99, 0x4a, 0x07, 0xff, 0x97, 0x49, 0x07, 0xff,
    0x95, 0x48, 0x07, 0xff, 0x93, 0x47, 0x07, 0xff, 0x91, 0x45, 0x07, 0xff, 0x8f, 0x44, 0x07, 0xff,
    0x8d, 0x43, 0x08, 0xff, 0x8b, 0x42, 0x08, 0xff, 0x89, 0x41, 0x08, 0xff, 0x87, 0x40, 0x08, 0xff,
    0x85, 0x3e, 0x08, 0xff, 0x83, 0x3d, 0x08, 0xff, 0x81, 0x3c, 0x08, 0xff, 0x7f, 0x3b, 0x08, 0xff,
    // Row 19: D3 Cubehelix Default
    0x00, 0x00, 0x00, 0xff, 0x02, 0x01, 0x02, 0xff, 0x03, 0x01, 0x03, 0xff, 0x05, 0x02, 0x05, 0xff,
    0x07, 0x02, 0x06, 0xff, 0x08, 0x03, 0x08, 0xff, 0x0a, 0x03, 0x0a, 0xff, 0x0b, 0x04, 0x0c, 0xff,
    0x0c, 0x05, 0x0e, 0xff, 0x0e, 0x05, 0x0f, 0xff, 0x0f, 0x06, 0x11, 0xff, 0x10, 0x07, 0x13, 0xff,
    0x11, 0x08, 0x15, 0xff, 0x12, 0x08, 0x17, 0xff, 0x13, 0x09, 0x19, 0xff, 0x14, 0x0a, 0x1b, 0xff,
    0x15, 0x0b, 0x1d, 0xff, 0x16, 0x0c, 0x1f, 0xff, 0x16, 0x0d, 0x21, 0xff, 0x17, 0x0e, 0x23, 0xff,
    0x18, 0x0f, 0x25, 0xff, 0x18, 0x10, 0x27, 0xff, 0x19, 0x11, 0x29, 0xff, 0x19, 0x12, 0x2b, 0xff,
    0x19, 0x13, 0x2d, 0xff, 0x1a, 0x14, 0x2f, 0xff, 0x1a, 0x16, 0x31, 0xff, 0x1a, 0x17, 0x33, 0xff,
    0x1a, 0x18, 0x35, 0xff, 0x1b, 0x1a, 0x36, 0xff, 0x1b, 0x1b, 0x38, 0xff, 0x1b, 0x1c, 0x3a, 0xff,
    0x1b, 0x1e, 0x3b, 0xff, 0x1b, 0x1f, 0x3d, 0xff, 0x1a, 0x21, 0x3e, 0xff, 0x1a, 0x22, 0x40, 0xff,
    0x1a, 0x24, 0x41, 0xff, 0x1a, 0x25, 0x43, 0xff, 0x1a, 0x27, 0x44, 0xff, 0x19, 0x28, 0x45, 0xff,
    0x19, 0x2a, 0x46, 0xff, 0x19, 0x2c, 0x47, 0xff, 0x19, 0x2d, 0x48, 0xff, 0x18, 0x2f, 0x49, 0xff,
    0x18, 0x31, 0x4a, 0xff, 0x18, 0x32, 0x4b, 0xff, 0x17, 0x34, 0x4c, 0xff, 0x17, 0x36, 0x4c, 0xff,
    0x17, 0x37, 0x4d, 0xff, 0x16, 0x39, 0x4d, 0xff, 0x16, 0x3b, 0x4e, 0xff, 0x16, 0x3d, 0x4e, 0xff,
    0x16, 0x3f, 0x4e, 0xff, 0x16, 0x40, 0x4e, 0xff, 0x15, 0x42, 0x4e, 0xff, 0x15, 0x44, 0x4f, 0xff,
    0x15, 0x46, 0x4e, 0xff, 0x15, 0x47, 0x4e, 0xff, 0x15, 0x49, 0x4e, 0xff, 0x15, 0x4b, 0x4e, 0xff,
    0x15, 0x4d, 0x4e, 0xff, 0x15, 0x4e, 0x4d, 0xff, 0x15, 0x50, 0x4d, 0xff, 0x15, 0x52, 0x4c, 0xff,
    0x16, 0x53, 0x4c, 0xff, 0x16, 0x55, 0x4b, 0xff, 0x16, 0x57, 0x4b, 0xff, 0x17, 0x58, 0x4a, 0xff,
    0x17, 0x5a, 0x49, 0xff, 0x18, 0x5b, 0x48, 0xff, 0x19, 0x5d, 0x48, 0xff, 0x19, 0x5e, 0x47, 0xff,
    0x1a, 0x60, 0x46, 0xff, 0x1b, 0x61, 0x45, 0xff, 0x1c, 0x63, 0x44, 0xff, 0x1d, 0x64, 0x43, 0xff,
    0x1e, 0x65, 0x42, 0xff, 0x1f, 0x67, 0x41, 0xff, 0x20, 0x68, 0x40, 0xff, 0x22, 0x69, 0x3f, 0xff,
    0x23, 0x6a, 0x3e, 0xff, 0x25, 0x6b, 0x3d, 0xff, 0x26, 0x6c, 0x3c, 0xff, 0x28, 0x6d, 0x3b, 0xff,
    0x2a, 0x6e, 0x3a, 0xff, 0x2b, 0x6f, 0x39, 0xff, 0x2d, 0x70, 0x38, 0xff, 0x2f, 0x71, 0x37, 0xff,
    0x31, 0x72, 0x36, 0xff, 0x33, 0x73, 0x35, 0xff, 0x35, 0x74, 0x35, 0xff, 0x38, 0x74, 0x34, 0xff,
    0x3a, 0x75, 0x33, 0xff, 0x3c, 0x76, 0x32, 0xff, 0x3f, 0x76, 0x32, 0xff, 0x41, 0x77, 0x31, 0xff,
    0x44, 0x77, 0x31, 0xff, 0x46, 0x78, 0x30, 0xff, 0x49, 0x78, 0x30, 0xff, 0x4c, 0x79, 0x2f, 0xff,
    0x4e, 0x79, 0x2f, 0xff, 0x51, 0x79, 0x2f, 0xff, 0x54, 0x79, 0x2f, 0xff, 0x57, 0x7a, 0x2f, 0xff,
    0x5a, 0x7a, 0x2f, 0xff, 0x5d, 0x7a, 0x2f, 0xff, 0x60, 0x7a, 0x2f, 0xff, 0x63, 0x7a, 0x2f, 0xff,
    0x66, 0x7a, 0x30, 0xff, 0x69, 0x7b, 0x30, 0xff, 0x6c, 0x7b, 0x31, 0xff, 0x6f, 0x7b, 0x31, 0xff,
    0x72, 0x7b, 0x32, 0xff, 0x75, 0x7b, 0x33, 0xff, 0x78, 0x7b, 0x34, 0xff, 0x7b, 0x7a, 0x35, 0xff,
    0x7e, 0x7a, 0x36, 0xff, 0x81, 0x7a, 0x37, 0xff, 0x84, 0x7a, 0x38, 0xff, 0x87, 0x7a, 0x3a, 0xff,
    0x8a, 0x7a, 0x3b, 0xff, 0x8d, 0x7a, 0x3d, 0xff, 0x90, 0x7a, 0x3e, 0xff, 0x93, 0x7a, 0x40, 0xff,
    0x96, 0x7a, 0x42, 0xff, 0x99, 0x79, 0x44, 0xff, 0x9c, 0x79, 0x46, 0xff, 0x9f, 0x79, 0x48, 0xff,
    0xa1, 0x79, 0x4a, 0xff, 0xa4, 0x79, 0x4c, 0xff, 0xa7, 0x79, 0x4f, 0xff, 0xa9, 0x79, 0x51, 0xff,
    0xac, 0x79, 0x54, 0xff, 0xae, 0x79, 0x56, 0xff, 0xb1, 0x79, 0x59, 0xff, 0xb3, 0x79, 0x5b, 0xff,
    0xb5, 0x79, 0x5e, 0xff, 0xb7, 0x79, 0x61, 0xff, 0xb9, 0x79, 0x64, 0xff, 0xbc, 0x79, 0x67, 0xff,
    0xbe, 0x79, 0x6a, 0xff, 0xbf, 0x79, 0x6d, 0xff, 0xc1, 0x7a, 0x70, 0xff, 0xc3, 0x7a, 0x73, 0xff,
    0xc5, 0x7a, 0x76, 0xff, 0xc6, 0x7a, 0x79, 0xff, 0xc8, 0x7b, 0x7c, 0xff, 0xc9, 0x7b, 0x7f, 0xff,
    0xca, 0x7c, 0x83, 0xff, 0xcc, 0x7c, 0x86, 0xff, 0xcd, 0x7d, 0x89, 0xff, 0xce, 0x7d, 0x8c, 0xff,
    0xcf, 0x7e, 0x8f, 0xff, 0xd0, 0x7e, 0x93, 0xff, 0xd1, 0x7f, 0x96, 0xff, 0xd1, 0x80, 0x99, 0xff,
    0xd2, 0x80, 0x9c, 0xff, 0xd3, 0x81, 0xa0, 0xff, 0xd3, 0x82, 0xa3, 0xff, 0xd3, 0x83, 0xa6, 0xff,
    0xd4, 0x84, 0xa9, 0xff, 0xd4, 0x85, 0xac, 0xff, 0xd4, 0x86, 0xaf, 0xff, 0xd4, 0x87, 0xb2, 0xff,
    0xd5, 0x88, 0xb5, 0xff, 0xd5, 0x89, 0xb8, 0xff, 0xd4, 0x8a, 0xbb, 0xff, 0xd4, 0x8c, 0xbe, 0xff,
    0xd4, 0x8d, 0xc1, 0xff, 0xd4, 0x8e, 0xc3, 0xff, 0xd4, 0x90, 0xc6, 0xff, 0xd3, 0x91, 0xc9, 0xff,
    0xd3, 0x92, 0xcb, 0xff, 0xd2, 0x94, 0xce, 0xff, 0xd2, 0x95, 0xd0, 0xff, 0xd2, 0x97, 0xd2, 0xff,
    0xd1, 0x98, 0xd4, 0xff, 0xd0, 0x9a, 0xd7, 0xff, 0xd0, 0x9c, 0xd9, 0xff, 0xcf, 0x9d, 0xdb, 0xff,
    0xcf, 0x9f, 0xdd, 0xff, 0xce, 0xa1, 0xdf, 0xff, 0xcd, 0xa2, 0xe0, 0xff, 0xcc, 0xa4, 0xe2, 0xff,
    0xcc, 0xa6, 0xe4, 0xff, 0xcb, 0xa8, 0xe5, 0xff, 0xca, 0xa9, 0xe7, 0xff, 0xca, 0xab, 0xe8, 0xff,
    0xc9, 0xad, 0xe9, 0xff, 0xc8, 0xaf, 0xea, 0xff, 0xc8, 0xb1, 0xec, 0xff, 0xc7, 0xb2, 0xed, 0xff,
    0xc6, 0xb4, 0xee, 0xff, 0xc6, 0xb6, 0xee, 0xff, 0xc5, 0xb8, 0xef, 0xff, 0xc5, 0xba, 0xf0, 0xff,
    0xc4, 0xbc, 0xf1, 0xff, 0xc4, 0xbd, 0xf1, 0xff, 0xc3, 0xbf, 0xf2, 0xff, 0xc3, 0xc1, 0xf2, 0xff,
    0xc2, 0xc3, 0xf2, 0xff, 0xc2, 0xc5, 0xf3, 0xff, 0xc2, 0xc6, 0xf3, 0xff, 0xc2, 0xc8, 0xf3, 0xff,
    0xc1, 0xca, 0xf3, 0xff, 0xc1, 0xcc, 0xf3, 0xff, 0xc1, 0xcd, 0xf3, 0xff, 0xc1, 0xcf, 0xf3, 0xff,
    0xc1, 0xd1, 0xf3, 0xff, 0xc2, 0xd2, 0xf3, 0xff, 0xc2, 0xd4, 0xf3, 0xff, 0xc2, 0xd6, 0xf3, 0xff,
    0xc2, 0xd7, 0xf3, 0xff, 0xc3, 0xd9, 0xf3, 0xff, 0xc3, 0xda, 0xf2, 0xff, 0xc4, 0xdc, 0xf2, 0xff,
    0xc4, 0xdd, 0xf2, 0xff, 0xc5, 0xdf, 0xf2, 0xff, 0xc6, 0xe0, 0xf1, 0xff, 0xc6, 0xe1, 0xf1, 0xff,
    0xc7, 0xe3, 0xf1, 0xff, 0xc8, 0xe4, 0xf0, 0xff, 0xc9, 0xe5, 0xf0, 0xff, 0xca, 0xe7, 0xf0, 0xff,
    0xcb, 0xe8, 0xf0, 0xff, 0xcc, 0xe9, 0xef, 0xff, 0xcd, 0xea, 0xef, 0xff, 0xcf, 0xeb, 0xef, 0xff,
    0xd0, 0xec, 0xef, 0xff, 0xd1, 0xed, 0xef, 0xff, 0xd3, 0xee, 0xef, 0xff, 0xd4, 0xef, 0xef, 0xff,
    0xd6, 0xf0, 0xef, 0xff, 0xd7, 0xf1, 0xef, 0xff, 0xd9, 0xf2, 0xef, 0xff, 0xdb, 0xf3, 0xef, 0xff,
    0xdc, 0xf3, 0xef, 0xff, 0xde, 0xf4, 0xef, 0xff, 0xe0, 0xf5, 0xf0, 0xff, 0xe2, 0xf6, 0xf0, 0xff,
    0xe3, 0xf6, 0xf0, 0xff, 0xe5, 0xf7, 0xf1, 0xff, 0xe7, 0xf8, 0xf1, 0xff, 0xe9, 0xf8, 0xf2, 0xff,
    0xeb, 0xf9, 0xf3, 0xff, 0xed, 0xfa, 0xf4, 0xff, 0xef, 0xfa, 0xf4, 0xff, 0xf0, 0xfb, 0xf5, 0xff,
    0xf2, 0xfb, 0xf6, 0xff, 0xf4, 0xfc, 0xf7, 0xff, 0xf6, 0xfc, 0xf8, 0xff, 0xf8, 0xfd, 0xfa, 0xff,
    0xfa, 0xfd, 0xfb, 0xff, 0xfb, 0xfe, 0xfc, 0xff, 0xfd, 0xfe, 0xfe, 0xff, 0xff, 0xff, 0xff, 0xff,
};

static_assert(kPixels.size() == kColormapRgbaByteCount);

} // namespace

std::span<const std::uint8_t> colormap_rgba8() noexcept
{
    return kPixels;
}

std::array<std::uint8_t, 4> colormap_sample(
    std::uint32_t palette,
    std::uint32_t sample) noexcept
{
    palette = std::min(palette, kColormapCount - 1);
    sample = std::min(sample, kColormapSampleCount - 1);
    const auto offset = colormap_byte_offset(palette, sample);
    return {
        kPixels[offset],
        kPixels[offset + 1],
        kPixels[offset + 2],
        kPixels[offset + 3],
    };
}

} // namespace satview::viewer
